USE [master]
GO
/****** Object:  Database [IS2G10_DBSSS]    Script Date: 2015/11/29 10:05:11 PM ******/
CREATE DATABASE [IS2G10_DBSSS]
 CONTAINMENT = NONE
 ON  PRIMARY 
( NAME = N'IS2G10_DBSSS', FILENAME = N'C:\Users\SoftDev\IS2G10_DBSSS.mdf' , SIZE = 3136KB , MAXSIZE = UNLIMITED, FILEGROWTH = 1024KB )
 LOG ON 
( NAME = N'IS2G10_DBSSS_log', FILENAME = N'C:\Users\SoftDev\IS2G10_DBSSS_log.ldf' , SIZE = 832KB , MAXSIZE = 2048GB , FILEGROWTH = 10%)
GO
ALTER DATABASE [IS2G10_DBSSS] SET COMPATIBILITY_LEVEL = 110
GO
IF (1 = FULLTEXTSERVICEPROPERTY('IsFullTextInstalled'))
begin
EXEC [IS2G10_DBSSS].[dbo].[sp_fulltext_database] @action = 'enable'
end
GO
ALTER DATABASE [IS2G10_DBSSS] SET ANSI_NULL_DEFAULT OFF 
GO
ALTER DATABASE [IS2G10_DBSSS] SET ANSI_NULLS OFF 
GO
ALTER DATABASE [IS2G10_DBSSS] SET ANSI_PADDING OFF 
GO
ALTER DATABASE [IS2G10_DBSSS] SET ANSI_WARNINGS OFF 
GO
ALTER DATABASE [IS2G10_DBSSS] SET ARITHABORT OFF 
GO
ALTER DATABASE [IS2G10_DBSSS] SET AUTO_CLOSE ON 
GO
ALTER DATABASE [IS2G10_DBSSS] SET AUTO_SHRINK OFF 
GO
ALTER DATABASE [IS2G10_DBSSS] SET AUTO_UPDATE_STATISTICS ON 
GO
ALTER DATABASE [IS2G10_DBSSS] SET CURSOR_CLOSE_ON_COMMIT OFF 
GO
ALTER DATABASE [IS2G10_DBSSS] SET CURSOR_DEFAULT  GLOBAL 
GO
ALTER DATABASE [IS2G10_DBSSS] SET CONCAT_NULL_YIELDS_NULL OFF 
GO
ALTER DATABASE [IS2G10_DBSSS] SET NUMERIC_ROUNDABORT OFF 
GO
ALTER DATABASE [IS2G10_DBSSS] SET QUOTED_IDENTIFIER OFF 
GO
ALTER DATABASE [IS2G10_DBSSS] SET RECURSIVE_TRIGGERS OFF 
GO
ALTER DATABASE [IS2G10_DBSSS] SET  ENABLE_BROKER 
GO
ALTER DATABASE [IS2G10_DBSSS] SET AUTO_UPDATE_STATISTICS_ASYNC OFF 
GO
ALTER DATABASE [IS2G10_DBSSS] SET DATE_CORRELATION_OPTIMIZATION OFF 
GO
ALTER DATABASE [IS2G10_DBSSS] SET TRUSTWORTHY OFF 
GO
ALTER DATABASE [IS2G10_DBSSS] SET ALLOW_SNAPSHOT_ISOLATION OFF 
GO
ALTER DATABASE [IS2G10_DBSSS] SET PARAMETERIZATION SIMPLE 
GO
ALTER DATABASE [IS2G10_DBSSS] SET READ_COMMITTED_SNAPSHOT OFF 
GO
ALTER DATABASE [IS2G10_DBSSS] SET HONOR_BROKER_PRIORITY OFF 
GO
ALTER DATABASE [IS2G10_DBSSS] SET RECOVERY SIMPLE 
GO
ALTER DATABASE [IS2G10_DBSSS] SET  MULTI_USER 
GO
ALTER DATABASE [IS2G10_DBSSS] SET PAGE_VERIFY CHECKSUM  
GO
ALTER DATABASE [IS2G10_DBSSS] SET DB_CHAINING OFF 
GO
ALTER DATABASE [IS2G10_DBSSS] SET FILESTREAM( NON_TRANSACTED_ACCESS = OFF ) 
GO
ALTER DATABASE [IS2G10_DBSSS] SET TARGET_RECOVERY_TIME = 0 SECONDS 
GO
USE [IS2G10_DBSSS]
GO
/****** Object:  Table [dbo].[ATTENDANCE]    Script Date: 2015/11/29 10:05:12 PM ******/
SET ANSI_NULLS ON
GO
SET QUOTED_IDENTIFIER ON
GO
CREATE TABLE [dbo].[ATTENDANCE](
	[student_id] [int] NOT NULL,
	[student_activity_id] [int] NOT NULL,
	[student_activity_tutorrating] [int] NULL,
	[student_activity_rating] [int] NULL,
	[student_arrived] [bit] NULL,
PRIMARY KEY CLUSTERED 
(
	[student_id] ASC,
	[student_activity_id] ASC
)WITH (PAD_INDEX = OFF, STATISTICS_NORECOMPUTE = OFF, IGNORE_DUP_KEY = OFF, ALLOW_ROW_LOCKS = ON, ALLOW_PAGE_LOCKS = ON) ON [PRIMARY]
) ON [PRIMARY]

GO
/****** Object:  Table [dbo].[BRANDING]    Script Date: 2015/11/29 10:05:12 PM ******/
SET ANSI_NULLS ON
GO
SET QUOTED_IDENTIFIER ON
GO
SET ANSI_PADDING ON
GO
CREATE TABLE [dbo].[BRANDING](
	[branding_id] [int] IDENTITY(1,1) NOT NULL,
	[program_icon] [varbinary](max) NULL,
	[system_logo] [image] NULL,
	[system_name] [nvarchar](255) NULL,
	[splash_colour] [nvarchar](255) NULL,
	[splash_time] [time](7) NULL,
	[is_system_clean] [bit] NULL,
	[is_metro_default] [bit] NULL,
PRIMARY KEY CLUSTERED 
(
	[branding_id] ASC
)WITH (PAD_INDEX = OFF, STATISTICS_NORECOMPUTE = OFF, IGNORE_DUP_KEY = OFF, ALLOW_ROW_LOCKS = ON, ALLOW_PAGE_LOCKS = ON) ON [PRIMARY]
) ON [PRIMARY] TEXTIMAGE_ON [PRIMARY]

GO
SET ANSI_PADDING OFF
GO
/****** Object:  Table [dbo].[CONSULTATION]    Script Date: 2015/11/29 10:05:12 PM ******/
SET ANSI_NULLS ON
GO
SET QUOTED_IDENTIFIER ON
GO
CREATE TABLE [dbo].[CONSULTATION](
	[consultation_id] [int] IDENTITY(1,1) NOT NULL,
	[coordinator_id] [int] NOT NULL,
	[tutor_id] [int] NOT NULL,
	[student_id] [int] NULL,
	[consultation_details] [nvarchar](255) NULL,
	[consultation_date] [datetime] NULL,
	[student_arrived] [bit] NULL,
	[consultation_rating] [int] NULL,
PRIMARY KEY CLUSTERED 
(
	[consultation_id] ASC
)WITH (PAD_INDEX = OFF, STATISTICS_NORECOMPUTE = OFF, IGNORE_DUP_KEY = OFF, ALLOW_ROW_LOCKS = ON, ALLOW_PAGE_LOCKS = ON) ON [PRIMARY]
) ON [PRIMARY]

GO
/****** Object:  Table [dbo].[COURSE]    Script Date: 2015/11/29 10:05:12 PM ******/
SET ANSI_NULLS ON
GO
SET QUOTED_IDENTIFIER ON
GO
CREATE TABLE [dbo].[COURSE](
	[course_id] [int] IDENTITY(1,1) NOT NULL,
	[course_name] [nvarchar](255) NULL,
PRIMARY KEY CLUSTERED 
(
	[course_id] ASC
)WITH (PAD_INDEX = OFF, STATISTICS_NORECOMPUTE = OFF, IGNORE_DUP_KEY = OFF, ALLOW_ROW_LOCKS = ON, ALLOW_PAGE_LOCKS = ON) ON [PRIMARY]
) ON [PRIMARY]

GO
/****** Object:  Table [dbo].[ENROLLMENT]    Script Date: 2015/11/29 10:05:12 PM ******/
SET ANSI_NULLS ON
GO
SET QUOTED_IDENTIFIER ON
GO
CREATE TABLE [dbo].[ENROLLMENT](
	[course_id] [int] NOT NULL,
	[student_id] [int] NOT NULL,
	[class_mark] [float] NULL,
	[exam_mark] [float] NULL,
	[year_mark] [float] NULL,
PRIMARY KEY CLUSTERED 
(
	[course_id] ASC,
	[student_id] ASC
)WITH (PAD_INDEX = OFF, STATISTICS_NORECOMPUTE = OFF, IGNORE_DUP_KEY = OFF, ALLOW_ROW_LOCKS = ON, ALLOW_PAGE_LOCKS = ON) ON [PRIMARY]
) ON [PRIMARY]

GO
/****** Object:  Table [dbo].[GROUP]    Script Date: 2015/11/29 10:05:12 PM ******/
SET ANSI_NULLS ON
GO
SET QUOTED_IDENTIFIER ON
GO
CREATE TABLE [dbo].[GROUP](
	[group_id] [int] IDENTITY(1,1) NOT NULL,
	[group_name] [nvarchar](255) NULL,
	[group_day] [nvarchar](10) NULL,
	[group_time] [time](7) NULL,
PRIMARY KEY CLUSTERED 
(
	[group_id] ASC
)WITH (PAD_INDEX = OFF, STATISTICS_NORECOMPUTE = OFF, IGNORE_DUP_KEY = OFF, ALLOW_ROW_LOCKS = ON, ALLOW_PAGE_LOCKS = ON) ON [PRIMARY]
) ON [PRIMARY]

GO
/****** Object:  Table [dbo].[SESSION]    Script Date: 2015/11/29 10:05:12 PM ******/
SET ANSI_NULLS ON
GO
SET QUOTED_IDENTIFIER ON
GO
CREATE TABLE [dbo].[SESSION](
	[tutor_id] [int] NOT NULL,
	[group_id] [int] NOT NULL,
	[updated_attendance] [bit] NOT NULL,
PRIMARY KEY CLUSTERED 
(
	[tutor_id] ASC,
	[group_id] ASC
)WITH (PAD_INDEX = OFF, STATISTICS_NORECOMPUTE = OFF, IGNORE_DUP_KEY = OFF, ALLOW_ROW_LOCKS = ON, ALLOW_PAGE_LOCKS = ON) ON [PRIMARY]
) ON [PRIMARY]

GO
/****** Object:  Table [dbo].[SSS_COORDINATOR]    Script Date: 2015/11/29 10:05:12 PM ******/
SET ANSI_NULLS ON
GO
SET QUOTED_IDENTIFIER ON
GO
CREATE TABLE [dbo].[SSS_COORDINATOR](
	[coordinator_id] [int] NOT NULL,
	[coordinator_firstname] [nvarchar](255) NULL,
	[coordinator_lastname] [nvarchar](255) NULL,
	[coordinator_id_passport] [nvarchar](255) NULL,
	[coordinator_dateofbirth] [datetime] NULL,
	[coordinator_emailaddress] [nvarchar](255) NULL,
	[coordinator_cellnumber] [nvarchar](14) NULL,
PRIMARY KEY CLUSTERED 
(
	[coordinator_id] ASC
)WITH (PAD_INDEX = OFF, STATISTICS_NORECOMPUTE = OFF, IGNORE_DUP_KEY = OFF, ALLOW_ROW_LOCKS = ON, ALLOW_PAGE_LOCKS = ON) ON [PRIMARY]
) ON [PRIMARY]

GO
/****** Object:  Table [dbo].[STUDENT]    Script Date: 2015/11/29 10:05:12 PM ******/
SET ANSI_NULLS ON
GO
SET QUOTED_IDENTIFIER ON
GO
CREATE TABLE [dbo].[STUDENT](
	[student_id] [int] NOT NULL,
	[coordinator_id] [int] NOT NULL,
	[group_id] [int] NULL,
	[student_firstname] [nvarchar](255) NULL,
	[student_lastname] [nvarchar](255) NULL,
	[student_id_passport] [nvarchar](255) NULL,
	[student_dateofbirth] [datetime] NULL,
	[student_emailaddress] [nvarchar](255) NULL,
	[student_mobilenumber] [nvarchar](14) NULL,
	[student_yearofstudy] [int] NULL,
	[student_degreeprogramme] [nvarchar](255) NULL,
	[student_status] [nvarchar](255) NULL,
	[student_points] [int] NULL,
PRIMARY KEY CLUSTERED 
(
	[student_id] ASC
)WITH (PAD_INDEX = OFF, STATISTICS_NORECOMPUTE = OFF, IGNORE_DUP_KEY = OFF, ALLOW_ROW_LOCKS = ON, ALLOW_PAGE_LOCKS = ON) ON [PRIMARY]
) ON [PRIMARY]

GO
/****** Object:  Table [dbo].[STUDENT_ACTIVITY]    Script Date: 2015/11/29 10:05:12 PM ******/
SET ANSI_NULLS ON
GO
SET QUOTED_IDENTIFIER ON
GO
CREATE TABLE [dbo].[STUDENT_ACTIVITY](
	[student_activity_id] [int] IDENTITY(1,1) NOT NULL,
	[student_activity_name] [nvarchar](255) NULL,
	[student_activity_pointvalue] [int] NULL,
	[student_activity_week] [int] NULL,
	[student_activity_description] [nvarchar](255) NULL,
PRIMARY KEY CLUSTERED 
(
	[student_activity_id] ASC
)WITH (PAD_INDEX = OFF, STATISTICS_NORECOMPUTE = OFF, IGNORE_DUP_KEY = OFF, ALLOW_ROW_LOCKS = ON, ALLOW_PAGE_LOCKS = ON) ON [PRIMARY]
) ON [PRIMARY]

GO
/****** Object:  Table [dbo].[TUTOR]    Script Date: 2015/11/29 10:05:12 PM ******/
SET ANSI_NULLS ON
GO
SET QUOTED_IDENTIFIER ON
GO
CREATE TABLE [dbo].[TUTOR](
	[tutor_id] [int] NOT NULL,
	[tutor_firstname] [nvarchar](255) NULL,
	[tutor_lastname] [nvarchar](255) NULL,
	[tutor_id_passport] [nvarchar](255) NULL,
	[tutor_dateofbirth] [datetime] NULL,
	[tutor_emailaddress] [nvarchar](255) NULL,
	[tutor_cellnumber] [nvarchar](14) NULL,
	[tutor_trainingstatus] [bit] NULL,
	[coordinator_id] [int] NOT NULL,
PRIMARY KEY CLUSTERED 
(
	[tutor_id] ASC
)WITH (PAD_INDEX = OFF, STATISTICS_NORECOMPUTE = OFF, IGNORE_DUP_KEY = OFF, ALLOW_ROW_LOCKS = ON, ALLOW_PAGE_LOCKS = ON) ON [PRIMARY]
) ON [PRIMARY]

GO
/****** Object:  Table [dbo].[TUTOR_AVAILABLE_TIMES]    Script Date: 2015/11/29 10:05:12 PM ******/
SET ANSI_NULLS ON
GO
SET QUOTED_IDENTIFIER ON
GO
CREATE TABLE [dbo].[TUTOR_AVAILABLE_TIMES](
	[tutor_time_id] [int] IDENTITY(1,1) NOT NULL,
	[tutor_id] [int] NOT NULL,
	[available_day] [nvarchar](255) NULL,
	[available_time] [time](7) NULL,
	[date_free] [datetime] NULL,
	[booked] [bit] NULL CONSTRAINT [DF_TUTOR_AVAILABLE_TIMES_booked]  DEFAULT ((0)),
PRIMARY KEY CLUSTERED 
(
	[tutor_time_id] ASC
)WITH (PAD_INDEX = OFF, STATISTICS_NORECOMPUTE = OFF, IGNORE_DUP_KEY = OFF, ALLOW_ROW_LOCKS = ON, ALLOW_PAGE_LOCKS = ON) ON [PRIMARY]
) ON [PRIMARY]

GO
/****** Object:  Table [dbo].[USER_ROLE]    Script Date: 2015/11/29 10:05:12 PM ******/
SET ANSI_NULLS ON
GO
SET QUOTED_IDENTIFIER ON
GO
CREATE TABLE [dbo].[USER_ROLE](
	[user_roles_id] [int] IDENTITY(1,1) NOT NULL,
	[user_role] [nvarchar](255) NULL,
PRIMARY KEY CLUSTERED 
(
	[user_roles_id] ASC
)WITH (PAD_INDEX = OFF, STATISTICS_NORECOMPUTE = OFF, IGNORE_DUP_KEY = OFF, ALLOW_ROW_LOCKS = ON, ALLOW_PAGE_LOCKS = ON) ON [PRIMARY]
) ON [PRIMARY]

GO
/****** Object:  Table [dbo].[USERPROFILE]    Script Date: 2015/11/29 10:05:12 PM ******/
SET ANSI_NULLS ON
GO
SET QUOTED_IDENTIFIER ON
GO
CREATE TABLE [dbo].[USERPROFILE](
	[user_id] [int] NOT NULL,
	[user_name] [nvarchar](255) NULL,
	[user_roles_id] [int] NOT NULL,
	[password_hash] [nvarchar](255) NULL,
	[password_salt] [nvarchar](255) NULL,
	[PrimaryAccent] [nvarchar](255) NULL,
	[SecondaryAccent] [nvarchar](255) NULL,
	[isDark] [bit] NOT NULL,
	[resetPassword] [bit] NOT NULL,
	[useOldForms] [bit] NULL,
PRIMARY KEY CLUSTERED 
(
	[user_id] ASC
)WITH (PAD_INDEX = OFF, STATISTICS_NORECOMPUTE = OFF, IGNORE_DUP_KEY = OFF, ALLOW_ROW_LOCKS = ON, ALLOW_PAGE_LOCKS = ON) ON [PRIMARY]
) ON [PRIMARY]

GO
INSERT [dbo].[ATTENDANCE] ([student_id], [student_activity_id], [student_activity_tutorrating], [student_activity_rating], [student_arrived]) VALUES (10003, 1, 5, 4, 1)
INSERT [dbo].[ATTENDANCE] ([student_id], [student_activity_id], [student_activity_tutorrating], [student_activity_rating], [student_arrived]) VALUES (10003, 2, 4, 4, 1)
INSERT [dbo].[ATTENDANCE] ([student_id], [student_activity_id], [student_activity_tutorrating], [student_activity_rating], [student_arrived]) VALUES (10003, 3, 2, 5, 1)
INSERT [dbo].[ATTENDANCE] ([student_id], [student_activity_id], [student_activity_tutorrating], [student_activity_rating], [student_arrived]) VALUES (10003, 4, 4, 3, 1)
INSERT [dbo].[ATTENDANCE] ([student_id], [student_activity_id], [student_activity_tutorrating], [student_activity_rating], [student_arrived]) VALUES (10003, 5, 3, 2, 1)
INSERT [dbo].[ATTENDANCE] ([student_id], [student_activity_id], [student_activity_tutorrating], [student_activity_rating], [student_arrived]) VALUES (10003, 6, 5, 5, 1)
INSERT [dbo].[ATTENDANCE] ([student_id], [student_activity_id], [student_activity_tutorrating], [student_activity_rating], [student_arrived]) VALUES (10003, 7, 3, 2, 1)
INSERT [dbo].[ATTENDANCE] ([student_id], [student_activity_id], [student_activity_tutorrating], [student_activity_rating], [student_arrived]) VALUES (10003, 8, 5, 1, 1)
INSERT [dbo].[ATTENDANCE] ([student_id], [student_activity_id], [student_activity_tutorrating], [student_activity_rating], [student_arrived]) VALUES (10003, 9, 4, 4, 1)
INSERT [dbo].[ATTENDANCE] ([student_id], [student_activity_id], [student_activity_tutorrating], [student_activity_rating], [student_arrived]) VALUES (10003, 10, 4, 5, 1)
INSERT [dbo].[ATTENDANCE] ([student_id], [student_activity_id], [student_activity_tutorrating], [student_activity_rating], [student_arrived]) VALUES (10004, 1, 2, 4, 1)
INSERT [dbo].[ATTENDANCE] ([student_id], [student_activity_id], [student_activity_tutorrating], [student_activity_rating], [student_arrived]) VALUES (10004, 2, 2, 3, 1)
INSERT [dbo].[ATTENDANCE] ([student_id], [student_activity_id], [student_activity_tutorrating], [student_activity_rating], [student_arrived]) VALUES (10004, 3, 1, 4, 1)
INSERT [dbo].[ATTENDANCE] ([student_id], [student_activity_id], [student_activity_tutorrating], [student_activity_rating], [student_arrived]) VALUES (10004, 4, 2, 4, 1)
INSERT [dbo].[ATTENDANCE] ([student_id], [student_activity_id], [student_activity_tutorrating], [student_activity_rating], [student_arrived]) VALUES (10004, 5, 2, 3, 1)
INSERT [dbo].[ATTENDANCE] ([student_id], [student_activity_id], [student_activity_tutorrating], [student_activity_rating], [student_arrived]) VALUES (10004, 6, 2, 4, 1)
INSERT [dbo].[ATTENDANCE] ([student_id], [student_activity_id], [student_activity_tutorrating], [student_activity_rating], [student_arrived]) VALUES (10004, 7, 1, 4, 1)
INSERT [dbo].[ATTENDANCE] ([student_id], [student_activity_id], [student_activity_tutorrating], [student_activity_rating], [student_arrived]) VALUES (10004, 8, 1, 4, 1)
INSERT [dbo].[ATTENDANCE] ([student_id], [student_activity_id], [student_activity_tutorrating], [student_activity_rating], [student_arrived]) VALUES (10004, 9, 2, 4, 1)
INSERT [dbo].[ATTENDANCE] ([student_id], [student_activity_id], [student_activity_tutorrating], [student_activity_rating], [student_arrived]) VALUES (10004, 10, 1, 4, 1)
INSERT [dbo].[ATTENDANCE] ([student_id], [student_activity_id], [student_activity_tutorrating], [student_activity_rating], [student_arrived]) VALUES (10005, 1, 2, 3, 1)
INSERT [dbo].[ATTENDANCE] ([student_id], [student_activity_id], [student_activity_tutorrating], [student_activity_rating], [student_arrived]) VALUES (10005, 2, 1, 3, 1)
INSERT [dbo].[ATTENDANCE] ([student_id], [student_activity_id], [student_activity_tutorrating], [student_activity_rating], [student_arrived]) VALUES (10005, 3, 2, 4, 1)
INSERT [dbo].[ATTENDANCE] ([student_id], [student_activity_id], [student_activity_tutorrating], [student_activity_rating], [student_arrived]) VALUES (10005, 4, 2, 3, 1)
INSERT [dbo].[ATTENDANCE] ([student_id], [student_activity_id], [student_activity_tutorrating], [student_activity_rating], [student_arrived]) VALUES (10005, 5, 2, 3, 1)
INSERT [dbo].[ATTENDANCE] ([student_id], [student_activity_id], [student_activity_tutorrating], [student_activity_rating], [student_arrived]) VALUES (10005, 6, 2, 4, 1)
INSERT [dbo].[ATTENDANCE] ([student_id], [student_activity_id], [student_activity_tutorrating], [student_activity_rating], [student_arrived]) VALUES (10005, 7, 2, 4, 1)
INSERT [dbo].[ATTENDANCE] ([student_id], [student_activity_id], [student_activity_tutorrating], [student_activity_rating], [student_arrived]) VALUES (10005, 8, 2, 3, 1)
INSERT [dbo].[ATTENDANCE] ([student_id], [student_activity_id], [student_activity_tutorrating], [student_activity_rating], [student_arrived]) VALUES (10005, 9, 1, 4, 1)
INSERT [dbo].[ATTENDANCE] ([student_id], [student_activity_id], [student_activity_tutorrating], [student_activity_rating], [student_arrived]) VALUES (10005, 10, 2, 3, 0)
INSERT [dbo].[ATTENDANCE] ([student_id], [student_activity_id], [student_activity_tutorrating], [student_activity_rating], [student_arrived]) VALUES (10010, 1, 2, 4, 1)
INSERT [dbo].[ATTENDANCE] ([student_id], [student_activity_id], [student_activity_tutorrating], [student_activity_rating], [student_arrived]) VALUES (10010, 2, 2, 4, 1)
INSERT [dbo].[ATTENDANCE] ([student_id], [student_activity_id], [student_activity_tutorrating], [student_activity_rating], [student_arrived]) VALUES (10010, 3, 1, 4, 1)
INSERT [dbo].[ATTENDANCE] ([student_id], [student_activity_id], [student_activity_tutorrating], [student_activity_rating], [student_arrived]) VALUES (10010, 4, 2, 4, 0)
INSERT [dbo].[ATTENDANCE] ([student_id], [student_activity_id], [student_activity_tutorrating], [student_activity_rating], [student_arrived]) VALUES (10010, 5, 1, 4, 1)
INSERT [dbo].[ATTENDANCE] ([student_id], [student_activity_id], [student_activity_tutorrating], [student_activity_rating], [student_arrived]) VALUES (10010, 6, 2, 4, 1)
INSERT [dbo].[ATTENDANCE] ([student_id], [student_activity_id], [student_activity_tutorrating], [student_activity_rating], [student_arrived]) VALUES (10010, 7, 1, 3, 1)
INSERT [dbo].[ATTENDANCE] ([student_id], [student_activity_id], [student_activity_tutorrating], [student_activity_rating], [student_arrived]) VALUES (10010, 8, 1, 4, 1)
INSERT [dbo].[ATTENDANCE] ([student_id], [student_activity_id], [student_activity_tutorrating], [student_activity_rating], [student_arrived]) VALUES (10010, 9, 2, 3, 1)
INSERT [dbo].[ATTENDANCE] ([student_id], [student_activity_id], [student_activity_tutorrating], [student_activity_rating], [student_arrived]) VALUES (10010, 10, 1, 4, 1)
INSERT [dbo].[ATTENDANCE] ([student_id], [student_activity_id], [student_activity_tutorrating], [student_activity_rating], [student_arrived]) VALUES (10013, 1, 2, 4, 1)
INSERT [dbo].[ATTENDANCE] ([student_id], [student_activity_id], [student_activity_tutorrating], [student_activity_rating], [student_arrived]) VALUES (10013, 2, 2, 4, 1)
INSERT [dbo].[ATTENDANCE] ([student_id], [student_activity_id], [student_activity_tutorrating], [student_activity_rating], [student_arrived]) VALUES (10013, 3, 1, 4, 1)
INSERT [dbo].[ATTENDANCE] ([student_id], [student_activity_id], [student_activity_tutorrating], [student_activity_rating], [student_arrived]) VALUES (10013, 4, 2, 4, 1)
INSERT [dbo].[ATTENDANCE] ([student_id], [student_activity_id], [student_activity_tutorrating], [student_activity_rating], [student_arrived]) VALUES (10013, 5, 1, 4, 1)
INSERT [dbo].[ATTENDANCE] ([student_id], [student_activity_id], [student_activity_tutorrating], [student_activity_rating], [student_arrived]) VALUES (10013, 6, 2, 4, 1)
INSERT [dbo].[ATTENDANCE] ([student_id], [student_activity_id], [student_activity_tutorrating], [student_activity_rating], [student_arrived]) VALUES (10013, 7, 1, 3, 1)
INSERT [dbo].[ATTENDANCE] ([student_id], [student_activity_id], [student_activity_tutorrating], [student_activity_rating], [student_arrived]) VALUES (10013, 8, 1, 4, 1)
INSERT [dbo].[ATTENDANCE] ([student_id], [student_activity_id], [student_activity_tutorrating], [student_activity_rating], [student_arrived]) VALUES (10013, 9, 2, 3, 1)
INSERT [dbo].[ATTENDANCE] ([student_id], [student_activity_id], [student_activity_tutorrating], [student_activity_rating], [student_arrived]) VALUES (10013, 10, 1, 4, 1)
SET IDENTITY_INSERT [dbo].[BRANDING] ON 

INSERT [dbo].[BRANDING] ([branding_id], [program_icon], [system_logo], [system_name], [splash_colour], [splash_time], [is_system_clean], [is_metro_default]) VALUES (1, 0xFFD8FFE000104A46494600010101006000600000FFDB004300080606070605080707070909080A0C140D0C0B0B0C1912130F141D1A1F1E1D1A1C1C20242E2720222C231C1C2837292C30313434341F27393D38323C2E333432FFDB0043010909090C0B0C180D0D1832211C213232323232323232323232323232323232323232323232323232323232323232323232323232323232323232323232323232FFC00011080100010003012200021101031101FFC4001F0000010501010101010100000000000000000102030405060708090A0BFFC400B5100002010303020403050504040000017D01020300041105122131410613516107227114328191A1082342B1C11552D1F02433627282090A161718191A25262728292A3435363738393A434445464748494A535455565758595A636465666768696A737475767778797A838485868788898A92939495969798999AA2A3A4A5A6A7A8A9AAB2B3B4B5B6B7B8B9BAC2C3C4C5C6C7C8C9CAD2D3D4D5D6D7D8D9DAE1E2E3E4E5E6E7E8E9EAF1F2F3F4F5F6F7F8F9FAFFC4001F0100030101010101010101010000000000000102030405060708090A0BFFC400B51100020102040403040705040400010277000102031104052131061241510761711322328108144291A1B1C109233352F0156272D10A162434E125F11718191A262728292A35363738393A434445464748494A535455565758595A636465666768696A737475767778797A82838485868788898A92939495969798999AA2A3A4A5A6A7A8A9AAB2B3B4B5B6B7B8B9BAC2C3C4C5C6C7C8C9CAD2D3D4D5D6D7D8D9DAE2E3E4E5E6E7E8E9EAF2F3F4F5F6F7F8F9FAFFDA000C03010002110311003F00F9FE8A28A0028A28A0028A28A0028A28A0028A28A0028A28A0028A28A0028A28A0028A28A0028A28A0028A28A0028A28A0028A28A0028A28A0028A28A0028A28A0028A28A0028A28A0028A28A0028A28A0028A28A0028A28A0028A28A0028A28A0028A28A0028A28A0028A28A0028A28A0028A28A0028A28A0028A28A0028A28A0028A28A0028A28A0028A28A0028A28A0028A28A0028A28A0028A28A002B63C3BE1F9BC437CF0249E4C51A6E92528582FA0FA9FA8E01F4AC7AF63F08E94DA4787A18A467F3663E7C88C08D8CC071823820000FBE6B7A14BDA4B5D8C6BD4E48E9B99137C36D35A16105EDDC727186936BA8FA8007F3AF39BAB77B3BC9ED642A5E191A362BD09070715EF58AF27F1E69DF62F1134E8988AE9048309B57774619EE72327FDEADB1346318F34518E1EACA52E593397A28A2B88EC0A28A2800A28A2800A28A2800A28A2800A28A2800A28A2800A28A2800A28A2800A28A2800A28A2800A28A2800A28A2800A28A28036BC29A636ABE22B68B6AB451309A50EA1815523820F504E07E35EAFABEA90E8BA6497B3B2FC83E452DB7CC7ECA3AF27F4EBDAB23C1BE18B8D0B488B50BFB611DC6A11ACD136E0DFB86019318E84E72467FBB9C115CCFC40D70DEDE45A6C322182001E5500644BC8209EF807B772476E3BA9BF65479BAB38A6BDAD5E5E88D6F00EB4F7ED7F6F77234978F27DA77B1FBE080A7B60630BF9F038AE8B5BD06CF5FB78E1BB2EBE5BEE578F01871823241E0FA7B0AF2BF0D6B7FD83AB8BA68BCD89D0C72A8FBC149072BEE081FCB8EB5E8C9E38F0FBC6ACD7AC8CC012AD0BE57D8E0119FA1AAA35212A7CB364D6A728CF9A08E33C53E0E3A1C02F2D25926B52C1583AFCD1E470491C104F7C0EA0735CA57BBCD0DAEA762D14C893DB4EBC8CE4329E41047E0411EC6BC7BC49A33685ADCF6983E4925E02640E4C649DB9200E78C1E07238E3158E228A83E68EC6D87ADCDEECB73268A28AE53A428A28A0028A28A0028A28A0028A28A0028A28A0028A2AD69FA6DEEAB742DAC2D65B99882C5225270A3AB1F403B93C0EF401568AEF34BF86F2488926A777E5679686000B018FEF1E01CF5E08E3AF357EEBE1B69E6DDC5ADDDD2CF8F90CA5597F100035BAC3546B630788A69DAE79A515B5ADF85F51D12591A485A5B453F2DCA0F948E304FF0077A81CF7E99AC5AC651717666D19292BA0A28A290C28A28A0028A28A002B4F40D224D6F5786CD7223CEF9581C6D41D4F43CF61EE4567471BCD2A451A1791D82AAA8C924F402BD97C2FA20D0B468EDDB6B5C4A44B336C50C18A8F93239217A75233B88EB5B50A5ED25E4635AAF247CCD3F16F88DE3D1A39257B7B5B6B28B659C0AA550103E48D429CE3214639F941CF1935E1334D25C4F24F2B6E92462EED8EA49C935D97C40D77ED376349B69627B6858492ED50584C370C6EF400F41C64F39206389AAC44D3972C7642A116A3CCF76145145739B9D5F83FC5BFD8B731DA6A1E64BA633E4853F345CF25783C1EE307D40EA0F73E25D221D7F49B8B78C23DE5BF309006E57C6769E46370C75F507B0AF1BAF53F036BCDA9E9C6C6E193ED168AA89B542EE88000703A918C138EE339249AECC3CF997B391C95E1CAFDA44F2E92378A468E446491095656182A475047AD36BD07E20E803035BB704B642DD02DDBE554619FC8FE1EF5E7D5CD520E12B33A29CD4E37414514541614514500145145001451450014514500755E1EF04DDEACA973765AD6CD80653805E419EC3B71DCFA8C035E97A769B69A55A0B5B2844516E2D81C924FA9EA7B0E7B0157121B5B644B782268E085163440D9C0518EF93DBB93F8D52D474CB6D56210DDF98F07F1441CAAB1E304E304E3D338F6E063D5A749538E8B53CCA955CDEAF430F52F15CCF74D63E1FB3FED19D1B64932E5A18DB760723820E0FCD903A1C9E6A1D2AF7C636F2E353D316F2227975962475E9D30704019E38FAD7571C690C4B1C48A91A0C2AA8C003D00A753F6726EEE44F3C52B242212F12B32346CC0128C4657D8E0E3F2AA435AB511E3CABECFFD784FFF00C455EC9A5CD68D3E842B7529DEE9567AB40D15F5BC5385042090E0A93CE41182390320119AE6F55F873A65C49149A6DD4B6795FDEC4C9E6283D3E525B3DB2724F27B015D7D1533A509FC48A8549C3667985F7C3BD5203235A4D05D22E368CEC76E99E0F03BFF00176FC2B3FF00E108F117FD03FF00F23C7FFC557B073473EBD6B1784A6D9B2C5544793DAF8035DB82DE64705B6318F3650777D36E7F5F5AC9D6B44B9D06F12D6E9E2691E3F301898918C91DC0F4AF5FD435AD374A205F5EC509383B4925B07BED1938E0F38AE3560B7F885E2196EF0F6965690244541CC92125B079C81DC9EBEDD78C6A5082F763B9AD3AD37EF4B627F86FA7C02CAEB52C31B83218339E0200ADD3D493FA0F7AE9F5FD5E3D0F4796F5F05F3E5C2B8CEE90824023238E093EC3D7150699E1FF00EC2B5920D2EF18091C39FB54625038C1C0529C9E3B9E9D2B8ED7743F176B77DE6DD5A46EB1E523586541181EAA0B679EBCF3F9606B7953A7CA96A65EED4A976F438D96592799E6958BC92316663D493C934CAD2D4B40D53488E392FAD1A28DCED56DCAC33E9904E3FF00AC7D2B36BCF69A7A9DE9A6B40A2A48209AE66586DE292595BEEA46A598F7E00AB9FD83AC7FD026FBFF0001DFFC2849BD81B4B733EBB3F87362D3EB1717BE6B2A5B47B4AAB63796CE01E395E09FA85AB3A17C3E5B9B1171AB493C12498290C640651FED641E4FA76EFCF03ACD07C3967E1EFB47D9259DFCFDBBBCD6071B738C600F535D54684F9949EC7356AF171715B9AFD6BC3B59B68ECF5BBEB6846228A77541CF033C0E6BDA6FA79ADAC669E083ED1246858421882F8EC300F3ED8E7DABC6AD609FC43E2058F8596F272CE5470B92598804F61938CF6ADB16E2E2A36D6FFD7E86785D2F2E84DA0786EF7C433B8B6D8B0C4CA2790B0CA0218E42E72DC29E831D32466BD3F44F0BE9BA2471B450ACB7407CD70E32C4F39C7F77A91C76EB9AD0B0B0B6D32CD2D2CE2F2E14CE17249E4E4F26B83F106ADADF88255B5D22CAF574E7F9565589944F9E325BA05F63F53E81469C68C6ED5D89CE75A564EC8EC2E3C4FA2DA5E8B49F5085662769032429CE30CC06179EB9231DEAC5E69163AF5A869ED92EE155F30483276A92390C3A02768C83CE4579841E04F104B32C6F6B1C2A7AC924CA547D76927F4AEC346F049D25A73FDAF707CD50A5628D5558739DC1B706EBE9C73EB550A9527A4A3A13385386B196A616B1F0F27849934A9BCF4FF9E333057EC386E01E493CE3F135C75CD9DCD94823BAB79A090AEE0B2A15247AE0F6AF7A214D569ADC4AACAE81D1D48656E4303D411DE94F09196B1761C31528E92D4F08A2BD9A6F0AE877817CED3201B338F28797D7D76633D3BD5697C11E1E64645B2D8CCA46E599F729EC465B1C7B8358BC1CFA346CB170EA8F22A2BBFBDF86C0F98D61A8F3C6C8E74FA672E3F1FE1F6F7AE3B52D1EFF00479123BFB6684C83721C860DF42091DC71EF584E94E1F123685584F66745A5FC42D4EDE645D4025D405F323040B205F6C6071D791CF4C8EDD969FE31D0F50518BC5B7930494B9F931CE3AFDDFC01AF1DA2B4862671F32278784BC8F6D93C43A3451B39D52CC8552C76CEAC78F400E49F615CCEA9F11EDE38DA3D2ED5A593711E6CE36A8C1EC01C90467AE08E2BCE28AA962E6D69A131C3413BBD4F40FF00859DFF00508FFC99FF00EC2AE41F1274D6854DC595D472F3B9630AE073C7248CF1ED5E674542C4D45D4A787A7D8F4C9FE24E9AB0B1B7B3BB797B2C9B514FE209C7E55C9EA3E33D6B51DA3ED3F6541CEDB5CA64F3C939CF7E99C7038AE7E8A53AF525BB2A34211D91A1FDBDAC7FD05AFBFF00021FFC68FEDED63047F6B5F72307FD25FA7E759F4567CD2EE5F2C7B124104B73711DBDBC4F2CD2B048E38D4B33B1380001C924F6AF5CF09681FD85A5FEF9717B3E1A7F9B20633B5476E01E7DC9E48C573FE05F0C74D5F50B7CF43688FF00FA191F963F13E86BBFAEDC351B7BECE3C4D5BBE4414668A2BB4E4193C31DD5BCB6F32EE8A5428EB9C6411822BC4759D3CE97ACDDD910C1629084DC41253AA938EE4106BDC6B0357F09D9EB5AD59DF5DCB2793161668178F3501CE037F093923383DBD2B9B1149CD69B9D142AA83D7628F80B44161A48D4A5DA6E2F172A3690638C1200390396C6EE09046DEF9AEBB34C4448A358E34544401555460281D001E94EADA9C1422A28CA7273939051451564075E0D737E1ED12DF42F106AB147127973C51BDA9724B2AE4EF00FB1DB9EBC15CF38AE92B17C4FA4BEABA4B7D9917EDF01125B49BB6B230209C376C81F4CE3D3233A91BFBD6D51707F66FA336C673D28EA6BC3FF00B7B58FFA0B5F7FE043FF008D49078935BB799664D56ECB2F4F3252E3F26C835CFF005C8F63A3EA92EE7B673495E576BF10F5CB68991FECB7058FDF961E40E381B48F4FAF26967F887AD4D0B2225A42C7A491C64B0FFBE891FA557D6E047D56A5CF53A2BCA2DBC7FAEC1BBCD920B9DD8C79B101B7E9B71D7DFD2BA483E24E9AD129B8B3BB494FDE58C2BA8E7B124678F6AA8E269CBAD852C3D45E6767D3F1A3DAB90FF858FA3FFCFB5F7FDFB4FF00E2AB99D4BC7DAB5DCE8D6856CA34390A987278C7CC48C1EFD875EF8069CB134D7508E1EA37B1EAE31800E78E073D3FCF355EEECEDAF6DE482EA05962752195875FF0EDF90AF30B6F885AE4119593ECD70C4E77CB1608F6F9481FA77A9BFE1646B1FF003ED63FF7EDFF00F8AA8FAD531FD5AA27A1C7D14515E69E88514514005145140051451400576DE0BF09C77EABAADFAABDB827C984F22420E32DEC08E9DFBF1D69F84BC24FACC8B7B78AC9A7A3703A1988EC3DBD4FE039C91EA688914691C68A888A1555460003B01E95D986A17F7E5B1C988AD6F7623A8A28AF40E10A28A2800A28A2800A28A2800A28A2800A28A2803C9FC73A47F66EB66E231886F332019E8DFC5DF3D4E7F1C76AE62BD9FC4DA31D6F4596DA352D70A7CC800EEE3A0EA3A8C8E7A66BC62BCBC4C396775D4F4B0F3E6859EE828A28AE7370A28A2800A28A2800A28A2800A28A2800A28A2800A28A2800AE8FC2FE15975D9BCD9F7C5629F79C6559F83F709041C1033517867C333EBF75B8EE8ACA338966C753FDD5F7FE5D7D01F5BB5B582C6D63B6B6896286318555EDFE7D6BAB0F439FDE96C7357AFCBEEC7716DEDE1B48160B78922897EEA22E00A968A2BD13CF0A28A2980514514005145140051451400514514005145140075E2BC9BC6DA37F65EB46786158ED2EBE78C29E0300378F6E4E7D30C315EB358FE27D27FB63429EDD00F397F7917FBE3B751D46464F4CD655A9FB48346B46A724EFD0F18A28A2BC83D40A28A2800A28A2800A28A2800A28A2800A28A2800ADEF0CF8667D7EEB277456519FDECB8EBFECAFBFF002FC813C33E199F5FBAC9DD159467F7B2E3AFFB2BEFFCBF207D6ED6D60B1B58EDADA258A18C61517B7FF5FDEBAA850E7F7A5B1CD5EBF27BB1DC2D6D60B1B58EDADA258A18D76AA2F6FF00EBFBD4D4515E8EC79E145145300A28A2800A28A2800A28A2800A28A2800A28A2800A28A2800A4203020E7078E0E2968A00F30F1FE866C754FED38428B5BC73F28EA8E00CE7EB9CE7B9DDE95C7D7B66BFA3C5AD69335AB2AF9DB730B91F71FB7383807A1C76AF1696292195E2951924462ACAC30411D41AF33134DC65CDD19E8E1EA7346DD86514515CC740514514005145140051453A38DE591638D19DDC8555519249E800A006D749E1AF095C6B8E279F7C163CE250012E41195193F5F9B046456EF873C06639A3BBD6429284916BC30CF62C41C11D781ED9EE2BBC8E348A358E35088A02AAA8C050060003B0AECA3866F599C95712969023B5B582C6D63B6B6896286318545EDFE7D6A6A28AEF38428A28A60145145001451450014514500145145001451450014514500145145001451450015C178EBC341A36D5ECE391A507372A096CAFF7F93C638181C63D306BBDA6BA2CB1B4722864705595864303C10477151521CF07165D39B84AE8F02A2BA3F17786CE877C24B74736131CC6C7908DFDC27F967A8F5C1AE72BC8945C5D99EA464A4AE828A28A92828A28A002BADF8770C12F88E47990B3456CCF11DD8DADB95727D7E5661F8E7B5725535ADD4F63751DCDB4AD14D19CABAF6FF3E9574E4A325264CE2E51691EF34579727C45D65235568ACE460002ED1B65BDCE180FC85655F78AB5AD4616827BE7F2589CA46A1010723048192307A1AEE78B825A1C2B0B3BEA7AC5FEB3A6E96A4DEDE450B001B616CB904E32147279F6AC56F1E69925D8B4B182E6EE7918243B542248E7A0CB1047271922BCA2B73C1D04771E2CB04957728767032472AA581E3D0806B2FAD4E5249686BF568462DBD4F63A28E9C0A2BBCE10A28A2980514628A0028A28A0028A28A0028A28A0028A28A0028A28A0028A5C555B8D4AC2CE411DD5F5B40E5770596555247AE09A4DA5B8D26F62CD159DFDBDA3E7FE42B63FF8109FE357A09E0BB884B6D3C73467A3C6E181FC452524F6069A19776905FDA496B7318921906191BA1FF0FAD7996B3E04BFD3D6E2E6D9E39ED23DCE32F875400924E700E31DB93E95EA7492591D46192CC296F3919368C64820E40CF53E83B9E39ACEAD284D5E7A799A53AB283D0F01A28A2BC93D40A28A2800A28A2800A28A2800ABDA3EA4DA46AD05F244B29889CA31C0604107F427FF00AF5468A69B4EE84D26ACCF5E5F1C78799431BE2A48C9530BE47B702A2B9F1EE830461A39E5B86271B6288823DFE6C0AF26A2BA7EB753C8E7FAAC0EEAE3E25DCB4605AE9B146F9E5A590B8C7D005F6EF59B73E3FD767DBE54905B6DCE7CA881DDF5DDBBF4C75AE5E8AC9D7A8FA9A2A34D743A0FF84DFC45FF00410FFC831FFF00135EA7A55ACD65A5DBDBDCDC493CE89FBC92472E598F2793CE32703D80AF0CAF74D2F52B5D62C52EED25DF1B7041E190F7523B11FE73D6BA70B3726F999CF898A8A5CA8B74550D4B5BD33480BF6EBC8E266E89CB3639E768C9C7079E95168FAFD8EBBF68FB1339F21F6B6F5C641E8C3D8E0FBF1C8AEBE78DF96FA9CBCB2B5EDA1A945145592145145001556FF51B3D2ED4DCDECEB0C4085DC72724F4000E49FA7A1AB55E79F1320896E74E9D5712BA488ED9EA14823FF42359559B841C91A52829CD4597AF7E2459452EDB2B296E1412199DC460FA11C1241F7C573773E3DD7A7903473C56EA0636451020FBFCD939FC6B99A2BCE9622A4BA9E8468538F42C5D5FDE5EEDFB5DDCF71B33B7CD90B6DCF5C67E82ABD14562DDCD6D60A28A2803D074CF890AB0A47AA59C8CEA9869A0232EDD8ED38038EB83D7B0CF09ABFC43827B096DF4FB390BCAA54C97000080F1F74121BBF5C76EBCD79FD15BAC4D54AD731FABD3BDEC145145606C145145001451450014514500145145001451450014514500145145001566C350BBD32E85CD94ED0CA06372F71E847423EB55A8A136B540D5F467B0F853C49FF091C138780413DB852F871B5B20F233D39078E7B726B7ABC5744F105EE8124CD6822613001D245241C1E0F041F5FCEB46E7C7BAF4F2078E78ADC018D9144083EFF364FEB5DF0C54547DEDCE19E1A4E5EEEC7ADC71BCB22C71AB3BB90AAAA32493D00155AF2FACF4E98437D7705B4A503849E408C54F20E09E87B1AF10BCD46F75070F797534E41257CC7242E7AE0741F8556A978CEC8A584EECF68BAF1568569B3CCD4E06DD9C7944C9D3D76E71D7BD79D78C7C431EBDA9C7F650E2D2DD7647BFF889FBCDD3201C0C03E9EE6B9CA2B1A98894D5BA1AD3C3C60F9BA851451581B851451400514514005145140051451400514514005145140051451400514514005145140051451400514514005145140051451400514514005145140051451400514514005145140051451400514514005145140051451400514514005145140051451400514514005145140051451400514514005145140051451400514514005145140051451400514514005145140051451401FFD9, 0xFFD8FFE000104A46494600010101004800480000FFE128F04578696600004D4D002A0000000800070100000400000001000000C801010004000000010000007A011A00050000000100000062011B0005000000010000006A0128000300000001000200000131000200000028000000728773000700000C480000009A00000CE2000000480000000100000048000000015061696E7453686F702050726F2031342E303000000000000000000000000000000000000000000000000C484C696E6F021000006D6E74725247422058595A2007CE00020009000600310000616373704D5346540000000049454320735247420000000000000000000000000000F6D6000100000000D32D4850202000000000000000000000000000000000000000000000000000000000000000000000000000000000000000000000001163707274000001500000003364657363000001840000006C77747074000001F000000014626B707400000204000000147258595A00000218000000146758595A0000022C000000146258595A0000024000000014646D6E640000025400000070646D6464000002C400000088767565640000034C0000008676696577000003D4000000246C756D69000003F8000000146D6561730000040C0000002474656368000004300000000C725452430000043C0000080C675452430000043C0000080C625452430000043C0000080C7465787400000000436F70797269676874202863292031393938204865776C6574742D5061636B61726420436F6D70616E790000646573630000000000000012735247422049454336313936362D322E31000000000000000000000012735247422049454336313936362D322E31000000000000000000000000000000000000000000000000000000000000000000000000000000000000000000000000000058595A20000000000000F35100010000000116CC58595A200000000000000000000000000000000058595A200000000000006FA2000038F50000039058595A2000000000000062990000B785000018DA58595A2000000000000024A000000F840000B6CF64657363000000000000001649454320687474703A2F2F7777772E6965632E636800000000000000000000001649454320687474703A2F2F7777772E6965632E63680000000000000000000000000000000000000000000000000000000000000000000000000000000000000000000064657363000000000000002E4945432036313936362D322E312044656661756C742052474220636F6C6F7572207370616365202D207352474200000000000000000000002E4945432036313936362D322E312044656661756C742052474220636F6C6F7572207370616365202D20735247420000000000000000000000000000000000000000000064657363000000000000002C5265666572656E63652056696577696E6720436F6E646974696F6E20696E2049454336313936362D322E3100000000000000000000002C5265666572656E63652056696577696E6720436F6E646974696F6E20696E2049454336313936362D322E31000000000000000000000000000000000000000000000000000076696577000000000013A4FE00145F2E0010CF140003EDCC0004130B00035C9E0000000158595A2000000000004C09560050000000571FE76D6561730000000000000001000000000000000000000000000000000000028F0000000273696720000000004352542063757276000000000000040000000005000A000F00140019001E00230028002D00320037003B00400045004A004F00540059005E00630068006D00720077007C00810086008B00900095009A009F00A400A900AE00B200B700BC00C100C600CB00D000D500DB00E000E500EB00F000F600FB01010107010D01130119011F0125012B01320138013E0145014C0152015901600167016E0175017C0183018B0192019A01A101A901B101B901C101C901D101D901E101E901F201FA0203020C0214021D0226022F02380241024B0254025D02670271027A0284028E029802A202AC02B602C102CB02D502E002EB02F50300030B03160321032D03380343034F035A03660372037E038A039603A203AE03BA03C703D303E003EC03F9040604130420042D043B0448045504630471047E048C049A04A804B604C404D304E104F004FE050D051C052B053A05490558056705770586059605A605B505C505D505E505F6060606160627063706480659066A067B068C069D06AF06C006D106E306F507070719072B073D074F076107740786079907AC07BF07D207E507F8080B081F08320846085A086E0882089608AA08BE08D208E708FB09100925093A094F09640979098F09A409BA09CF09E509FB0A110A270A3D0A540A6A0A810A980AAE0AC50ADC0AF30B0B0B220B390B510B690B800B980BB00BC80BE10BF90C120C2A0C430C5C0C750C8E0CA70CC00CD90CF30D0D0D260D400D5A0D740D8E0DA90DC30DDE0DF80E130E2E0E490E640E7F0E9B0EB60ED20EEE0F090F250F410F5E0F7A0F960FB30FCF0FEC1009102610431061107E109B10B910D710F511131131114F116D118C11AA11C911E81207122612451264128412A312C312E31303132313431363138313A413C513E5140614271449146A148B14AD14CE14F01512153415561578159B15BD15E0160316261649166C168F16B216D616FA171D17411765178917AE17D217F7181B18401865188A18AF18D518FA19201945196B199119B719DD1A041A2A1A511A771A9E1AC51AEC1B141B3B1B631B8A1BB21BDA1C021C2A1C521C7B1CA31CCC1CF51D1E1D471D701D991DC31DEC1E161E401E6A1E941EBE1EE91F131F3E1F691F941FBF1FEA20152041206C209820C420F0211C2148217521A121CE21FB22272255228222AF22DD230A23382366239423C223F0241F244D247C24AB24DA250925382568259725C725F726272657268726B726E827182749277A27AB27DC280D283F287128A228D429062938296B299D29D02A022A352A682A9B2ACF2B022B362B692B9D2BD12C052C392C6E2CA22CD72D0C2D412D762DAB2DE12E162E4C2E822EB72EEE2F242F5A2F912FC72FFE3035306C30A430DB3112314A318231BA31F2322A3263329B32D4330D3346337F33B833F1342B3465349E34D83513354D358735C235FD3637367236AE36E937243760379C37D738143850388C38C839053942397F39BC39F93A363A743AB23AEF3B2D3B6B3BAA3BE83C273C653CA43CE33D223D613DA13DE03E203E603EA03EE03F213F613FA23FE24023406440A640E74129416A41AC41EE4230427242B542F7433A437D43C044034447448A44CE45124555459A45DE4622466746AB46F04735477B47C04805484B489148D7491D496349A949F04A374A7D4AC44B0C4B534B9A4BE24C2A4C724CBA4D024D4A4D934DDC4E254E6E4EB74F004F494F934FDD5027507150BB51065150519B51E65231527C52C75313535F53AA53F65442548F54DB5528557555C2560F565C56A956F75744579257E0582F587D58CB591A596959B85A075A565AA65AF55B455B955BE55C355C865CD65D275D785DC95E1A5E6C5EBD5F0F5F615FB36005605760AA60FC614F61A261F56249629C62F06343639763EB6440649464E9653D659265E7663D669266E8673D679367E9683F689668EC6943699A69F16A486A9F6AF76B4F6BA76BFF6C576CAF6D086D606DB96E126E6B6EC46F1E6F786FD1702B708670E0713A719571F0724B72A67301735D73B87414747074CC7528758575E1763E769B76F8775677B37811786E78CC792A798979E77A467AA57B047B637BC27C217C817CE17D417DA17E017E627EC27F237F847FE5804780A8810A816B81CD8230829282F4835783BA841D848084E3854785AB860E867286D7873B879F8804886988CE8933899989FE8A648ACA8B308B968BFC8C638CCA8D318D988DFF8E668ECE8F368F9E9006906E90D6913F91A89211927A92E3934D93B69420948A94F4955F95C99634969F970A977597E0984C98B89924999099FC9A689AD59B429BAF9C1C9C899CF79D649DD29E409EAE9F1D9F8B9FFAA069A0D8A147A1B6A226A296A306A376A3E6A456A4C7A538A5A9A61AA68BA6FDA76EA7E0A852A8C4A937A9A9AA1CAA8FAB02AB75ABE9AC5CACD0AD44ADB8AE2DAEA1AF16AF8BB000B075B0EAB160B1D6B24BB2C2B338B3AEB425B49CB513B58AB601B679B6F0B768B7E0B859B8D1B94AB9C2BA3BBAB5BB2EBBA7BC21BC9BBD15BD8FBE0ABE84BEFFBF7ABFF5C070C0ECC167C1E3C25FC2DBC358C3D4C451C4CEC54BC5C8C646C6C3C741C7BFC83DC8BCC93AC9B9CA38CAB7CB36CBB6CC35CCB5CD35CDB5CE36CEB6CF37CFB8D039D0BAD13CD1BED23FD2C1D344D3C6D449D4CBD54ED5D1D655D6D8D75CD7E0D864D8E8D96CD9F1DA76DAFBDB80DC05DC8ADD10DD96DE1CDEA2DF29DFAFE036E0BDE144E1CCE253E2DBE363E3EBE473E4FCE584E60DE696E71FE7A9E832E8BCE946E9D0EA5BEAE5EB70EBFBEC86ED11ED9CEE28EEB4EF40EFCCF058F0E5F172F1FFF28CF319F3A7F434F4C2F550F5DEF66DF6FBF78AF819F8A8F938F9C7FA57FAE7FB77FC07FC98FD29FDBAFE4BFEDCFF6DFFFF0006010300030000000100060000011A00050000000100000D30011B00050000000100000D38012800030000000100020000020100040000000100000D40020200040000000100001BA70000000000000048000000010000004800000001FFD8FFDB00430006040506050406060506070706080A100A0A09090A140E0F0C1017141818171416161A1D251F1A1B231C1616202C20232627292A29191F2D302D283025282928FFDB0043010707070A080A130A0A13281A161A2828282828282828282828282828282828282828282828282828282828282828282828282828282828282828282828282828FFC0001108006100A003012100021101031101FFC4001F0000010501010101010100000000000000000102030405060708090A0BFFC400B5100002010303020403050504040000017D01020300041105122131410613516107227114328191A1082342B1C11552D1F02433627282090A161718191A25262728292A3435363738393A434445464748494A535455565758595A636465666768696A737475767778797A838485868788898A92939495969798999AA2A3A4A5A6A7A8A9AAB2B3B4B5B6B7B8B9BAC2C3C4C5C6C7C8C9CAD2D3D4D5D6D7D8D9DAE1E2E3E4E5E6E7E8E9EAF1F2F3F4F5F6F7F8F9FAFFC4001F0100030101010101010101010000000000000102030405060708090A0BFFC400B51100020102040403040705040400010277000102031104052131061241510761711322328108144291A1B1C109233352F0156272D10A162434E125F11718191A262728292A35363738393A434445464748494A535455565758595A636465666768696A737475767778797A82838485868788898A92939495969798999AA2A3A4A5A6A7A8A9AAB2B3B4B5B6B7B8B9BAC2C3C4C5C6C7C8C9CAD2D3D4D5D6D7D8D9DAE2E3E4E5E6E7E8E9EAF2F3F4F5F6F7F8F9FAFFDA000C03010002110311003F00FAA6A3B99E2B58249EE6548A18C6E77738551EA4D349B76426D455DEC796EB3F17E18E578F48D38CC83859A77D80FF00C000CE3EA4564AEADF123581E6DAC1750C7D8240910FFC7F935F474B2DC3E163CF8B96AFFAF99F235B38C5E366E9E02364BAFF005A211B5AF88DA2FEF2EEDEE668FBF996EB281FF7C722B6B44F8BD6B34C91EAF60D6C87833C2FE6007DD71903E99A5572DC3E263CF8496BDBFAD8286738AC14D52C7C747D7FE1B467A8432C7344B242EB246E32ACA7208F5069F5F38D5B467D7269ABA0A281851400514005140051400514011DCCF15B5BC93DC48B1C31A97776380A07249AF0EB89B55F8A5E2148E18D6D34FB519E7E61086EAC4F1B98E381C74FA93EB65718D3E7C54F682FC5FF005F89E0E7739D6F6782A7BD47AF925FD7E07AC785BC31A67862D1A3B08CF98E079B3C872EF8F53D87B0E2B3F5CF881A0E94C625B937D73CFEE6D3121C8F53D07E75CD1A75B30ACE4B77BBE88ED954C3E578750E8B65D58687F10341D55844F726C6E781E4DD811924FA1E87F3ABBE2CF0A69BE28B455BC5293A03E55C47F7933FCC7B1A6E15B2FACA4FA7DCC4AA61F35C3B8747BAEA99E55A65FEA9F0C35FB8B4BDB7FB558DC61BE5381201D1D0F6619391F4E7A1AF738DD648D5E360C8C0156072083DEBA3348466E38986D35F958E4C8EA4E119E0EA6F4DFDE9DFFAF4B0EAF27F0FEB1E21F881A96A6FA7EB3FD856B62C81228EDC4C5C36EFBC491CFC9FAD73E1214F9675AA2E651B69B6EEC75E3AAD4F694F0F4A5CAE77D6D7B595FF0013A7F13F89E7F09785A1975496D2E75965C246B9459C8601881EC181357F48F17E8F7FA2C9A87DBADD56DE1492EC2B13E4161D0FE208FC293C24A54BDB413B376F974FC742A38E8C6B3C3D46AE927F3D6FF86A69CBAC69F0E8DFDAB25D20D3BCB12F9FCEDDA7A1F5EF45D6B3A75AE92BA9DCDE431D832ABACCCD8560DD31EB9AE7546A3D975B7CFB1D4F114D6AE5D2FF002EE7957C48F12D9EAFA9F84A6D0B523245F6A759044EC841DF0E030E0F427AFBD7A7EBFE21D2BC3F14726AF7B1DB0933B036496C633803938C8FCEBBABE1A7C94A928FBDAFE679B86C653752BD672F7172EBF25FA92E8BACE9DADDB1B8D2AF22BA881C3143CA9F423A8FC6B2EE3C71E1C834E82FA4D522FB34ECCB1305625CAE3760633C647E75C91C2D6949C14755A7F5F71DD3C6D08415472D1ABFF5F78EF12F8B34FD23C3A7538EE6DE6F36366B41BFE59D80CE0114BE0BF13DA78974B8A68A4845E88D5AE2DD1B262273C1FCAA9E126A8BAAD6CEDFD7CF42163A9BC42A09AD55FF00AF96A717F1DB54922B2D3F4C8DF093334D301D485C6D1F4C927FE022BB8F05F8761F0CE891D944449293BE697182EE7FA0E83D8575D697B3C0D382FB4DB7F2FE91C1878AAD99D5A8FEC2497CF5FF00319E35D45F4EB1B164B7170B35F430BA9FEEB373C77AF3FF0088E3408EF60D261D55F494B4562F6D6D6ACE859C86C9DA40CFF8D565D19A945D35CDBB6B6DB4FD49CDA74F9271A92E4D9295AEF5D5AF9D84F8703407BE9F499B557D592ED414B6B9B56440C9F3646E2467FC2BD7E3448D02C6AAAA3A051802B2CCDD455AD35CB7D6D7BF97E86F937B27874E9CB9DAD2F6B3EF6F95CE77C7BE1A8BC4DA1BDBE425DC47CCB79319C37A7D0F4FD7B572BF033569AEB4ABED3663B92CD95E224F3B5F7657E808CFFC0AAE9CBDAE02707F61A6BE7FD332AD0F639A53A91FF9789A7F257FF23D3ABCD7C5BF0E6C753B97D6F43D43FB3AE0869D9A3E6390E33B81046CCF7233F4AE5C1E265879F35AE9E8D1DB9860E38BA7CB7B496A9F631B51D6EEBC49F05AF6F3518D5AEE095613305FBF874F9BD8F3CE3D2BA6F10DBA0F83D37931A2B369B1331500670AA79FD6BBA70549C611D94DFE879D46A3ACA5566B574D7FEDC676AF710A7C0B877CA83CCB18A34CB7DE6C8E07BF07F2AC0F1D241369DF0DE1BC6C5AC9185973D36910039FC09FCEB4C326A69FF7A5FF00A498E31C5D269FF243FF004A4687C65B6B787C4BE139618A249A49C89195402C03C5B73F4CB63F1ABB6CF7F37C5ED71ADE3B37BB82DA34805D3B2E22C2925700F73FAD4C1A7878B9B7F0CBFF004A5FA1A4D72E2A6A097C71F4F81BFCCE8BC27E1EBFD37C49AD6AB7A6CE35D40467C9B62C4065EA7903AF27F135C8FC09D32CEE7C37AB4B736F1CAF34DE43EF1B8140808183FEF1AC7DBF352AB287F717DDFF000C6DF56E4C451854B3FE23F2D75FD4A5E0C512FC15D7B7A8728672B919DBF22F4F4AF40F8631A2F8134675450CD6E3710393C9EB4F1CFDD9AFEFFE819625CD4DFF00D3B5F99E79E250358F8D16D6B2F11C53431E3AE42AEFFD4E6BDB2A731D21463FDD5F895947BD53113EF36BEE0AF11F8B3E13BE8B5D9356B2866BAB7BC3B9C4519630B000738EC71907EBF8994578D1C47BDB356FD459FE16788C27B8AEE2D3B7E1FA89F09FC257D36BB16AB7B14D6B6F66DB904B11533310460671C0EA4FD07D3DBE8CDEBC6AE22D1D92B7EA2E1FC2CF0F85F7F47277B76E9FA5C2BC53E1E2FF00657C56D42C2338898CF10038180DB871F4146035A35A3FDDBFDC5668AD88C34FFBD6FBCF6BAF3FB8F84BE1896EBCE58EEA25273E524DF2FD0641207E35CB86C654C2B7ECFA9DB8CC051C624AAF43B19747B097456D24DAC6BA7345E4F92A3680BE831D3EB58FE16F04E93E1B82FE2B259A54BE0AB389D830651BB03A0FEF1A98E2AA469CA9DF493B972C1D29558D5B6B1565E866587C2EF0DD98BAC453CCD3C6620D2C9B8C40F52BC707DEB7356F09E95AAE836DA45E42ED6D6CAAB0B07C3A6D180437AE3F3ADAA6615AA4D4DBD51CF4B2AC3D2A6E9C568D5998969F0BBC3B6B140B125C878A759FCCF37E6665E80F1D3D862B5BC59E0ED2BC50F6F26A0B324F06424B0BEC6C1EC7D7DBD39F5A2598D6954555EEAFF88E39561E349D14B476FC07F853C27A77863ED4DA79B8796E76F9B24F26F66DB9C7FE846A5F0A7866C3C2F632DA699E7795249E6379AFB8E7007F202B2A98BA9539AFF6AD7F96C6D4B054A97272FD9BDBE7B89E1EF0BE9BA0E8D369768924967333348B3B6FDDB80047D302ABF847C1BA678565BB934C370CD73B43F9AFBB01738C703D69CB19524A69FDBDC98E0294254E4BEC5D2F99E6FE2E3FD87F186D2FE5F9609648652CDC0008D8C73ED835ED95D5987BD4E8CFFBB6FB8E2CA7DDAB88A7DA6DFDE795FC78BDB886CF49B38A564B7B8695E55538DFB76601F6F98F1F4AF1ADA3D057BB9445470B16BADFF33E57882A4A58E9A6F6B7E4986D1E82BD9FE045FDCCF63AAD9CD2B3C16CD1344AC49D9BB7640F6F9471F5A3378A96164DF4B7E61C3F5251C74229E8EFF9367A9578AFC36DDABFC4FD475351BA15334A1874F99B0BFA135E0E03DDA35A5E56FBCFAACCFDEC461A1FDEBFDC7B55794F85B5DD73C73A9EA691EB1FD8A966C0450C102B348096E5B7E4F1B4671EBDAB1C2D38724EACD5F96DA7AB3A71B5AA2AB4E8537CBCF7D7B595FF0013BD6D51743D0EDE7F145EDAC53644724A808477E7181D79033F9D5AD6759D3F45B55B9D52EA3B6819822BBE704E338E3D81AC3D8CA725ECD68DBB1D3EDE108BF692578A571750D634FD3A78A1BFBC86DA49559D3CD6DA0AAE371C9E06323AD52D17C57A1EB572D6FA66A56F3CEBFF002CC1C337B80719FC28586AB283A8A3A04B174635152725CCFA0977E2DD02CE5BA8AEB55B5865B560B2A3BE1813D80EE78ED9AB7A2EB9A66B70BC9A55EC374A98DE11BE64CE7191D46707AFA53961AAC61ED25176EE2863284E7ECE334E5DBD0CBB9F1D7866DE6113EB368C4FF146DBD47FC09723F5AD6B9D634EB6D28EA72DEC1FD9E006FB42B6E4209C0208CE79A73C25685B9A2D5F61431B87A9CDC934F97729FF00C257A179B7518D56D0B5AC7E64C55F2117206491C752062B99F869E3D6F11ACB06B3258DBEA065DB041086532285C9386639EFF956D1C14FD94E724EEADFF07F039E798D3F6F4E9C649A95FEF564BEF651F8E5A3CD77A758EA56F1975B52E93ED19211B1863EC083FF007D5757E02F1345E27D11272516F62C25CC4BC6D6EC40FEE9C647E23B56F563ED70109AFB0DA7F3FE91CB467EC334A94E5B5449AF92B7F99C37C7EFBDA0FD2E3FF69579A6BF691D8EB57B6B06EF2A194A2EE3938AF6F2A93FABD38F94BF33E673D8278BAB2EA9C7F18FFC017C3D6915FEB7676B3EEF2A57DADB4E0E306BD2BE00FDED7BE96FFF00B528CD64FEAF523E51FF00D28791412C5529F56E5F847FE09D9FC45F13AF86B432F0946BFB8CA5BA1FD58FB007F322B07E0968B35868B75A8DC2B21BE65F295863F76B9C37E258FE00578908FB2C04A4F79B4BEEFE99F4B525EDF348416D4D36FD5E9FE47A457987897C17E1FD512EB5FD0B588ECAE70D289E0B95F237F76C8FBB9EE41FC2B9B055E7427CD1574F47F33B331C353C4D3E59CB964B54FD3F4EE733E28D6751F127C23B5BDD4501961D4046640BB7CC50ACA1B1D3393838E335BBF1CEFAD2E3C21A5AC17304AD25C2C881240DB9046D9618EA391CFB8AF5214942AD384365297E878952B3A942ACEA68E5083FCCB3F1522B19BC65E118F57312D81797CE32B6D4C0DA7E63E99C533C7096B1FC4AF08369221FB719489D61C6766463701DB05FF0AC28B9F2D35F67965FAFFC03AB10A1CF59AF8F9E1EBF66DFA8CF0841A5CBF147C5526A1F6637893016AB330CF39DE541EA70179ED9F7AABE136169ACFC416F0D049204877DBF9477297DAE542E3B67762AE6E4F9D4FE1E587E6BFE099D3508F24A9FC7CF53F297FC0363E1741A17FC2B7FDF9B531481FEDC652BC1C9186CF418C633DAB90D28CE7E046AA260C221723CA2470577A671EDBB77E39AA8B93AB3E7FE78DBEF7FA11514150A7ECFFE7D4AFF0072FD7F13D4FC19E1FD334CF0ED8A5AD9C40C902B48ECA19DCB004EE3DF9C71EC3D2B87FD9FC40749D48B888CE2E176938DC0141D3BF63FAD727B49D4A35E4DF55F9B3BFD8D3A55F0F08AB2B4BF247ABDD4115D5B4B05C20921954A3A9E8C08C115F39C775ABF803C5173140DB658C952B229F2E78FF8588E323BE41E0E47AD7464FCB5554C3CF69238F885CE83A58BA7BC5FE7DFCB7FBCF42BABCF0AFC46B7B26D4B50974EBAB5DCA2DDA648D897C670581DDF74631F8D68EA3F0BB44D42FA7BB9AEB51124CE5D824898C9F4F92A5E2F1397DA8B8AB2BD9D9EB777EE5AC060F364F10A4EF2B36935A34AD6D85D37E17E89A75F41790DD6A26485B72879136FE3F25645BEA3E16F8776D7ADA3DFC9AA5E5D6D5302CE926D299C6E2A06C1F39EBCFA0A71C5627316E8F2AB3B5DD9E9677EE296070994C557E6778DDA4DAD5B56EDFF000C70B6E755F883E2D856E9D99A420398D4848221D7039C7B67A922BE8B8D1638D52350A8A02A81D001DA8CE3969FB3A10DA2BFAFC85C3DCF5955C554DE6FF2FF0087FC07579ECFF08FC312DC99516F615CE7CA4986D1EDC827F5AF3F0B8CA9856FD9F53D7C66028E352556FA763AEBBD034CBAD04E8D25A4634E282310A7CA140E4631D083CE6B9587E1478722B0B9B502EDBCF2A4CCD22F98A14E70A76F00F7E39ABA38FAD453517BBBFF005EBD48C465987C4494A6B656F97FC0E833E2068EFAB78CFC2A92D84B77A78332DC9113346A0818DC4703F1AD5F09F80745F0C5EC97760B3CB70CBB15E760C5077DB80319AD278B9C30F1A307A35AFDECC69E02153153AF35AA7A79FBABF27F89CA58F82ADFC41E2CF178D76C2EA381E78DED6E363464FDEC946230C3A67A8E95DDF853C2DA6785ED65874B8DC198832CB236E77C74C9F4193C0F534F178C9CA3EC13BC6CBF25A7DE4E072FA709FD6251B4EF2FCDEBF77E073973F09FC3735CBC882F618DDB718229B11FE4413FAF15D46ABE1ED3F52F0F368B24661B02AA81203B3685208C7E55955CC2B557172FB3AFCFCCDE8E5787A2A7182D26ACFD3B234AD204B5B586DE2CF9712045C9C9C01815CA693F0EF41D2BC429AC5925C24F19668E2F3331A16041C0C67A13C6715952C554A4A4A3F6B736AD83A559C253DE0EE8EC2BCCFE3768325EE956FAADAC65E4B3CACC146498CF7FA291F9126B5CBAAFB2C4C24FD3EFD0C338A0EBE0EA456F6BFDDA9E21BABB6F0369DE2FD5A390E857F736D691E14CB2CECB1E7D1783923BE071C66BEAF193A30A4E55D5D1F0796D3C4D4AEA1867693FEB52C78F342F1669763F69D635592FAC4B6C2E970C42E7A6E538EBF8D6AF8A655D53C0770F1450B4B62F09950D99B53699E0AC791F373C1E7A0AF3954A55234AA515649FA755D3AF6F467B6A8E2294ABD2C43E66E3A3D5F46F7E9DFCDA3A5F833E1E974AD166D42F15D2E2FCA958DC60AC6B9DA7D79C93F4C57A1D7898FAAAAE22725DFF002D0FA3CAA83C3E129D37BDAFF7EA15E53E17D7B5EF1CEA5A9A41ABAE8B1D93011450DBABB4818B6376F24F1B46718EBDA9E169C1C27566AFCB6D3D458EAD5154A7429CB979EFADAF6B2BFE27790EAE9A5DAE9B6DE25BDB38B53B9CA0D9954958103E5CFD57F3AB7A9EB1A7E9735AC5A85DC704B74DB21563CC8720607E63F3AC1D194A5EE27677B7A23A5578462FDA495D5AFE4DFF009F429DF78B342B1B8782E353B712A1224543BFCB23B36DCEDFC715CD78FBC78DA06B3A459E9D2D84AB349FE9BE6E59A142536B70C3195663939E95D186C14EA54519A6934DFE1FF0C72E2F31A74A94A74E49B4D2FBDFFC3FDC7552788F458F4E8AFE4D52CD2CE5C88E569405723A85F52307814BA4F88B49D5E77834FBE8659D06E68B3B5C0F5DA7071C8E7DEB0786AAA2E4E2EC8EA58BA0E4A0A6AEF6F9EDF7F421BBF15E836725D4777AADA4325B305951DF0CA4F6C773C1E99A89BC67E1B5B3174DAD588889C0FDE8DD9F4DBF7BB8EDDEA960EBB49A83D48963F0D16D3A8B4F33534AD56C357B6F3F4CBB86EA20705A270769F43E87D8D5CAC270941B8C959A3A2138D48A9C1DD30A6C88B246C922864605594F420F6A9D8B6AE7CB5E2FD0AE7C37AECF61720EC04BC321FF0096919276B7D78E7DC57AEFC34B8B4D7BE1DC9A259DDBDA5EC51BC7318B21D0BB310E3D73EDF4E2BE9F30A9ED70D0AD15749A67C4E514961F1B530F2766D34BFAF4D4F38F14687E29F0D69735AEA6D23E933C8A0BA49E6465872BD795FC867DEAD78765F1078FF54B4D2F50BDB8B8D3606125C13850A83D718C93D06727927D6B67530F3A5F598ADAEFE7FD5BF339D53C6D3C42C15493F7AC9F9C6EDFDDBFE47D0E0000000003A01457C91F7C15E63E26F07F87F54B297C43E1DD4A3D3EE943DC7DAA09FF0076E4F249E7E5EFF771D4E41AECC1569D19F3455D3D1AF53CFCC70D4F134F964ED25AA7DADD7FCCC0D45352F19FC2C4D5EF434BAA6993C8F1CCA021922046E38181C6074FEE56F6917D0F8EFC7B637D0FEF34CD1ED565C1057170FDB9E4E36FD3E5AF4669421271DA9F32FBED6FCD9E45293A9520A7BD5506FCF96EDFE48A1A969BAD781AF754D73C3B259EA1A2DDBF9D749330250062719CF3CB30C8C9F5151FC54B8B4BEBEF02DFC11A2437527984B2804A168480DF4069D271AB5615A3A3774D79A88568CA851A9869D9C538B8BF273D6E59F8B4853C45E128ED058C681E5F23ED031007DC9F7B6F6CEDFF0039AD0B3F0FF8A27F1B693ABEB93E8D1B5B8746FB21757950A9F97047CD8CFE1592A94A187839DF99A95BB6ADDEE6EE956A98AA8A9F2F2A941BBEFA25B74FE99178334CB2BDF897E2FB9BBB68E69ADA6410B38CECDC1B76074CF039ACFF00843A5583F89BC59BED217FB2CEB141BD77796A5E5040CFB28FCAAAA559A85549ED187E9FE6CCE8D1A6EAD16D6F3A9FAFF9224F80FF00BBBAF13DBA64431CD16C5F4E651FC947E55EB55C5997FBCCBE5F923D1C9FFDCE0BD7FF004A6145709E99E73F1AFC3736B1A143A8592192E74FDCCC8BD5A223E6FA91807F3AF34D27C0FE2B169A76AFA0A7982E62132496F72B1BC60F66DC57F4C8AFA0C0E329430CA1576BB5FA9F2799E5B5EAE31D5A1BD93EDE5A1E9FA95D5EDA7C2ABD3E3A64FB7CB1C91ED3B32CC49F2C7C9C67A74E9D4F7A93E0F78625D034092E6F50A5F5F9577427EE20CEC1F5E493F5C76AE29D48C30F38C3E194B4F45FD23D3A746553154E757E28435F57A7A773BEA2BCC3D90AE2CFC30F08EE0469440F41712E3FF42AE8A18AAB87BFB276B9C98AC0D0C5DBDB46F6DB56BF23A65B5B5D33466B6B4B402D6188AA5BC4B9C8C7DD03BE7FAD71BF06FC3375A06897536A50B417B7720CA31E422821723EA58FE35A42B5A854527AC9AFD5B32A986BE2694A2B48297E36497E66A4BF0F3C352997758CBE5CAE6478C5DCC11989C9380D8CD696BFE16D1F5F82DA1D52CC4A96C08876BB26C040040DA471C0E3DA93C757728CAFAADB4452CB70EA32872E92DF57D35EFA6A559FC0FE1DB8D22D34C9B4E57B3B5666857CD7CA16396C36ECE09ED9C74F4A934AF07E8DA66A315F5B4139BB895963926B9964DA08C100331143C6D671716F477E8BAEFF0078E39761E32538C7556EAFA6DD75B17F4FD16C34FD46FEFAD2031DD5F306B87DEC77919C704E0753D2A3D1BC3FA668D757D71A6DB9866BD70F3B798CDBC82C73824E3966E9EB593C45469A6F7B27F2D8D6385A5171697C2DB5F3DFF31BA0F86F4AD065BB934AB6303DDB0698F98EFB88248FBC4E3EF1E9EB5AF5356ACAACB9E6EECBA3461420A9D3564BFE1C28ACCD4080C0820107820D7CE9E22BFF00147C39D5EE34AD3B519E1D31D8CB69BD52553193D06E070474238E99EF5E9E58A9D494A8D4574FF43C5CEA5568C2388A2ECE3A7C9FFC1484F0B47ADFC4CF11DAC5AE5DC975A7591DF707E58C2A9FE10140E5B18C8E719AFA328CCDC2138D1A6ACA2BF30C9554A94E588AAEF29BFC169FE61457987B41450014500145001450014500145001450015E7DF19FC2D2F887C3B1DD58A17BFD3CB48880E37C671BD7EBC023E98EF5D184ABECAB466CE4C751F6F879D35D57FC127F843E127F0C7878C97B194D52F4892E177676019D89E9C0639F727DABBAA31557DB5694FB8F0543EAF4214FB2FC776145739D414500145001450014500145001450014500148FF0071BE9400B4500145001450014500145001450014500145007FFFD900FFDB00430001010101010101010101010101010101010101010101010101010101010101010101010102020101020101010202020202020202020102020202020202020202FFDB00430101010101010101010101020101010202020202020202020202020202020202020202020202020202020202020202020202020202020202020202020202020202FFC0001108007A00C803012200021101031101FFC4001F0000010501010101010100000000000000000102030405060708090A0BFFC400B5100002010303020403050504040000017D01020300041105122131410613516107227114328191A1082342B1C11552D1F02433627282090A161718191A25262728292A3435363738393A434445464748494A535455565758595A636465666768696A737475767778797A838485868788898A92939495969798999AA2A3A4A5A6A7A8A9AAB2B3B4B5B6B7B8B9BAC2C3C4C5C6C7C8C9CAD2D3D4D5D6D7D8D9DAE1E2E3E4E5E6E7E8E9EAF1F2F3F4F5F6F7F8F9FAFFC4001F0100030101010101010101010000000000000102030405060708090A0BFFC400B51100020102040403040705040400010277000102031104052131061241510761711322328108144291A1B1C109233352F0156272D10A162434E125F11718191A262728292A35363738393A434445464748494A535455565758595A636465666768696A737475767778797A82838485868788898A92939495969798999AA2A3A4A5A6A7A8A9AAB2B3B4B5B6B7B8B9BAC2C3C4C5C6C7C8C9CAD2D3D4D5D6D7D8D9DAE2E3E4E5E6E7E8E9EAF2F3F4F5F6F7F8F9FAFFDA000C03010002110311003F00FEFE28240E49C0F53457E467FC1497FE0A436DFB2F59B7C22F844F61AD7C7CD774D82F2F2F2F204BFD13E166857E1FECBAC6AB6A5B6EA9E2DBA8D5CE99A6B1F2E340350D407D9FECD6DA87D3F07F07E7DC759FE0F87387306F1798E31B776F96951A71B73D7AF52CD53A34D34E5269B6DC6108CEA4E1097C4F885E2170AF85FC2B98F18718660B2FCA32F49592E7AD88AD2BFB2C361A95D3AB5EAB4D4209A8C52954AB2A7469D4A90FB3BF694FDB27E007ECA5A4437DF16BC670DAEB97F04B3E87E06D0A13AE78E35E58949F32C740B570F6B62580537978D6D648C42BDC2B601FC27F8CFF00F05D1F8B5ACDD5D59FC0FF00861E11F87DA2894A5AEBDF10669FC63E27B880A61651A469B7567A7E977464E44665D4906029662723E7BFD93BFE09F9F1F3F6F2F136A5F19FE2878AB5EF0CFC3CF106AA750D7FE2C78A926D67C67F122F04C91DEDBF826D75065179047042D00D4E7034AB32890D8DB5E0824B787FA43F809FB08FECB9FB395ADA9F87DF0B342B9F11C1088E7F1DF8BE08BC5BE37BC7F90C931D775889CE981DE35630D825A5B29184854715FD278DCA3C06F059ACBB8870D53C59E3DC3A5F58A109FB2CBB0956C9CA94F574D38EB0946AC71B554937528E1DB505FC7797E7DF4A5FA46A79BF0962E97807E16E2A57C262AB52FAC6758FA176A35E1169548A959548CA94B014A5194634B118A8295497F35DFF000DB5FF000552F88721D67C3BE22F8DB77637804F6EBE06F8236ADA3185C031B594961F0FA712404104379D2120FDE2314B1FFC142BFE0A6DF08646D53C6BE26F885069F13224D1FC57F8316567A3EE770A892DDDD783F4F9226662146DB9424B71CE2BFAFED4351D2B43B096FF0054BED3F47D2ECE3067BDBFBAB6D3EC2D225E0196E2E2448E08C600E481DA9C574ED62C94B2D96A9A75E44AEBB85BDF595D4122E55D7EFC73C4CA783C820FA579CBE905C1728AA75BE8FF00C3EF2B6F939634F0D19F2AB7BAAB7F66B5CEA36D7913D6F6D4F63FE2543C46A72956C37D2C38B639D417B4529D6C4D4A2AA3BDA52C37F6A2BD272BFB8E7CB65CA9E87F3A5F027FE0BABAA0BAB0D2FF0068BF84BA7DC69D2B2C575E38F849733C735B17B9555B8B9F03F886F2517302C0E5A56B6D54C84C24C56AE5C22FEED7C15F8FBF087F687F0945E36F83DE39D17C69A1968A0BDFECF99E1D5744BE96259BFB33C45A1DDA4779A06A611C1305DC31390432864218FCA3FB467FC130BF654FDA16DAFEFCF82ADFE1678EEE4492C1E3CF8636D69E1EBB6BB6F2C8975DF0EC50FF0066789222D12093ED16DF692ACC21BA81D8C95FCECFC53F827FB597FC12DFE33685E33D0BC437365637978F6FE12F89FE1886EA5F027C40B281E4B89BC21E34D06E25648EE9ECA391E5D1AFDDD8047BAD2EF25783ED30FA587E0EF057C6CA5568F87B56A786FC7FCB29C32BC5CDCF058B9462E525425CD534D1EB8774E74E0A537809422E4BC6C57883F48FFA3756A388F16A952F18BC2A53A74EA67997D28D2CCF2FA729469C678AA4A34B99DDA6FEB0AAC2ACDC61FDA51A93507FD9AD15F0F7EC37FB6EF81BF6CDF8752EAD610DBF867E27F8523B2B5F891F0FDAE84CFA4DE5CC645B6BDA0CB21DFA97846F5E298DB4E47990491C9697204D16E93EE1AFE5BCFB21CDF86338C7E439EE0679766B96CDD3AD4A76BC5D93528B4DC6709C5A9D3A907285484A3384A51926FF00B7385F8A321E34C832BE28E18CCA9E6F916734956C3D7A4EF19C5B69A69DA50A94E4A54EAD39A8D4A55232A738C6716914515F97FF00B66FFC149F4CFD9B7E26F86FF67CF855F09BC45F1FFF00685F1559D85EDB781B41BA9B4FB0D222D5CCA746B7D42EED34DBCB9BFD62E6DADAEAE52D2D6D98436907DAAEEE2DA2788C9B70EF0D677C57994729C8702F1D8D709D592E7A74E14E95357A95AB56AB2852A34A0ADCD52ACE304DA57E6924F0E2DE30E1CE06C9E79EF14664B2CCB63529D18CB92AD6A956BD697251A142850854AF88AF565A428D1A73A92B36A368B6BF5028AFCB8FD987F6EBFDA07E23FC6DD27E04FED21FB1BF8DFF0067ED7BC51A06BBAFF857C5ADA8DF6B3E0FD417C3F6CD7B7BA5DCDF5E6896F0ADF9B552C8B6D77732865FDF5BC31B248DF49FC4CFDB5FE03FC25FDA0BE1BFECCBE32D5BC476FF00153E2A2682FE14B2D3FC2DAB6A5A2B0F136B1A8685A28D4F5CB688C3A799B53D32E90EEC88C059252919DD5E863F81B8A32FCD2593CB2CFAFE3961658D4B05568E3E9CB0905273C446B60EA57A52A50E49F3C94FDCE57CD63CECB7C46E0DCCF2886791CE165997CF1AB2EBE63471195D558E938C6185950CC6961ABAAD51CE2E941D3BD55252A7CC9DCFAD28A28AF923EDC28A28A0028AFC7FFF00827EFED9BF1CBF689FDA93F6C7F853F13350F0C5E783BE0E789B58B0F01DB68DE1B8B47D42C2CEC3E2478BBC270417FA84776EDAA03A5E896459A55DE662EE1955846BFB015F45C53C31997086715324CDA54A58CA74B0F59BA3273872626853C453B4A5183E654EA454972D94AE936926FE5382F8C727E3CC869711644AAACBAAD7C5E1D7B782A753DA60B155B095AF1529AE5F6D467C8F9BDE8DA5657B228A28AF9D3EAC28A2BE4CFDA1BF6D6F811FB2FF008CFE17F80FE2CEADE23D3FC41F17AFBEC1E0F8B45F0B6ABAF5A3CA359D1F4132EA97761195D3A01A8EB960B96C9DACEFB76A1AF432CCAB33CEB190CBF28C055CCB1D52339468D0A72A951C69C2552A494229B6A14E329C9DACA316DE88F3736CE729C87053CCB3BCCA865397D39D2A72AD88AB0A3494EB548D1A50739B8C54AA559C29C237BCA728C55DB48FACE8A28AF3CF48F98FF6C1FDA3346FD963E00F8E3E2F6A31417DAAE976B1691E0CD12794C4BAFF008DF5B66B2F0E698ECA091682ED8DCDDB28CC767617120E52BF996FD803F653F13FEDEBFB4178A7E267C68D4B55D7FC01E1BD761F177C5BF105FF009C2EFE22F8BB5999EFAC7C0D6D7888A96D6F7090F9DA8241B4D96910C16502DBFDAEDA48BE96FF0082EB7C64B9D4BE25FC27F819697328D1FC17E15BCF89BE21B6531FD9EE7C41E29BABDD0B40F330C5CDCDA689A36B25410A02F88B237120A7ED17EC01F012D7F675FD953E1678264B4483C4FABE8B0F8EBC793EC413DD78CBC630C5ABEA715C3A428651656F359E9D0EE1B96DF47894924127FAEB25C64BC16F0169712E5D6C3F1DF8B35674B0F5F4F6B84CBA973273A4DA7CAD53B558CA2D35571987A8EEF0F0B7F02F11E5EBE919F4A5AFC1B9B2962BC2EF01A853C46330ADBFABE3F39C4724A14EB4535CD153BD271A89A74B038AA714A38A9B97D7DA5E97A6E89A6D868DA35859E95A4E95676DA7E99A669F6D0D9D869F6167125BDA5959DA5BA2A5B5AC504688888A15550000015F0F7ED3577FB63F8BB51F167837F645F88DF063C29AE785741F0F5F6B3A7F8E7C397D77E2D693C543565B1B8D27C44FA95FE9FA61D9A3DD34497BE1F747741FE90CBBB6FDE15F1F7863E0FF008CFE1C7ED2FF00B4F7ED1BACF892D353F007C44F86FF000CAC740F09437BA95C6AFA7EA1F0CB49F1136B335CC37166B6DA6D8C82F57EC896F2CCD2497B7524CB11DA1FF9CF84B1787C1E3733CDB12F098AC765F8755B0B87C7E1A18CA18DC4CB1B83A72C3CE9544E3272C3D5C455E6959AF64ED28B69AFEBFE39C062F31C064D9160D6370596E6B8A9E1F1B8ACB317530189CBF071CBF1D56389A55A8DA5151C552C2D0515A7EF9692B284BF9B8FDAC3C5BF0E3C2BF153C57F0B7F693F1FFED5DFB527C46F01DE58E9DE2DB9BEF881E10F871F0A62F104FA4D86AB71FF000857856DF47D5A5B6B0863D492159248ADD9CA391105284F69FB1E6B977F11FC51ABFC34FD897E2EFED2FF00B3F7C58B7F086BFE30F0AF82BC71E32F05FC48F811E207F0F496535EE817F6B3E8B6EFA05DDD497C8C978DA55DC48DE634919F951FE71F17FF00C140BC6BF103C51AF78DBC47FB3FFEC83AE6B3E26D4EE355BBD53C4DFB3D7873C45AFDC473304B18F56D7AFEFC4DABDDC3A7476701B89006916D5490BF747ACFECBBFB7F78B3C23FB40FC28B8B1F81DFB2FF00856CF5FF001B786FC17E22D4BE1BFC0ED07C11E2E93C33E30D6F4ED0F56B6D37C47A65EB4B68C3ED56F3ECDAC93358AC6E369C8FF47B32E14E2DC370156C12E1AA75739C0E055470AB9861EAE573C5D2A2A7517F643C32CBFD854A91928D1850A768494635216E75FE4264BE22F87F8DF1670F8F7C6CE8F0EE6999CB0F1A94728C7E1F3D8607115FD951FF008C8162BFB57EB54E9CA9CA55EA626A45D587B595294B47FD3E7ECE9A47ED4BA4F868C7FB4F78CFE1178B7C42F6D6A6D47C2FF097887417B2B8C1376BABEAFAAEBAD6DAD920AAA9B5D274D556466FDE2BAAA7A47C58F851E02F8DDF0FFC49F0C7E25F87ED3C4BE0EF15584963A9E9D7236C91B644969A969B74BF3E9BAC5ADD2C53DA5D44566B79E0496360CA0D7A2D15FE64E273AC657CDFFB730D1A79463A35635A97D469C7090A1520D4A9CA8428282A4E128A7171B49497336E5767FB3584E1ECBF0F90FF00AB98B955CF72DA946742B7F68D59E3AA626955528D58E267887375A352329465097B9C8F92318C128AFE30FC4FA27C58FF008257FEDAD6973A6DC5F6AF67E18BB4D5343BE9B36D6BF16FE0CF882E1A2BED2F514B77117DBA482DA6B6B842BB2D35BD121BD8D044B0337F619F0FBC75E1BF89FE06F08FC44F07DFA6A7E16F1B787749F13E837CB8067D3359B28AF6D4CA993E54EB1CA16443F347246C8DF32915F93FFF0005A7F81369E3FF00D9AAC7E3169F6264F14FC10D7ACEF67BAB783CCB9B8F02F8B2F6CB43F12594CE8377D920D464D0B5024E5635D325231BD8D637FC110BE315D78CBF676F19FC26D56F52E6FBE0E78D9BFB1627959AE61F06F8EA19B5DD3E16492663E4C5E24B7F15C719555458C471819524FF004F7899568F8B3E0D70EF8B4E9463C59C295E39467328454556837154EB49256BFB4AD87AB149463178CAD05EED38A5FC53E0C50ADE03FD2278BFC048D694B80F8EF0D3E20E1D8549733C3555CEF11858393BB8AA743134A4DB9549470387A925CD56727FB535FCD87FC143FE0E7ED29FB337EDCBA2FF00C142BE0B781AE3E24F8522B5D1B51D6D6DF4DBFF0010DBF85752D33C213F803C47A4F8B348D2BFD334DF0CDFF85252F6FAADBABC5673DC4CD3B42F145F68FE93EBF303E22FFC158FF668F825F1C3E29FC0BF8EB67E3CF869AD7C3BD4B4AB6D2FC452785356F15787BC71A56AFA0E9BACC3AAE909E1AB39EF6C9164BF9ADD84F69F6777B36315D48DBE38BF1EF09730E29CB73FCCEBF0C70C3E31856CBEBE1F31CB942751E272EC44E8D2AF051A57AD773952F7A942A387C5284A9A99FD0FE3AE4DC139EF0BE4B85E33E318F00D5C266B85C66519B4AA52A4B079C60E15EBE16AF3E217D5F4A71ADEE569D38CFE18548D5702BFEC4DFF000554F81FFB60EB1A6FC3CBCD2F50F855F196F6C2E2F2C3C1BAFDE5B6A9A278A5F4FB533EAA3C0FE2BB78E34D56E61852EE56B3B9B7B2BF36F6D2CD1DBCD0C33489F89DFB63FC1DFDA1B48FF829AFC20F03EBDFB455CF883E267C41F10F85B57F84DF13DFC3E2D65F84BA0F8A3E27F8B93C13A045A5ADC11A9AE89324CEAE1D04FE7636A722BBBF0CDE780BF6CFFF0082B4FC34F899FB1C783356D1BE1A782F57F0778DFE26F8CED3C3B73E16D22E6F7C34FAA5FF0088FC63A869C638CE873EAD6F2699A3C10DCC76F79A9DCC32CEF6C51A796BD8BFE0A9BAEE9FF04BFE0A61FB1CFC7EF1C47A95BFC3BD1F49F016A3A8EA567626E9BECDF0FBE24EAFA8F89E2D3E249376A3A85BE9DE21D3A77B6402529711F961CC8A07F4370CE4796F06788B1C070BE5D3CAB15C61C2D8CC64F26C6C28E331781C6AA35A74704A75A9CAADA718B94A854B4EAC135888B8385387F25F19F11E75E21F84D4F33E38CD619D65FE1F71DE5B818F1165D52BE5D81CCF2B589C3D1C4667CB87AD1A37A752A7B358AA0FD9D0A967859C6A42A5497D1FFB71DF7ED57FB237FC139A1FEDDFDA73C55E35F8D317C67D02D6FBE30F87AD57C21AD5CF863C41A9EAD736FE1C8440F23DBDB436B05B46CE8EB24823C6E084A9FB83E12FC42F1C6B7FF04E2F0BFC4FD5BC53AB5F7C44BCFD93EE3C6173E319E68DB5B9BC52BF0DEEF534D79EE04415B521A8224DBF660C8A1883CD7C5DFF000514F89FE03FDB53FE0997E3BF8B7F00EE35AF19F83FC29F10340D724BF9340D6F41BA4B3F03789A2D2BC5FAABE8FACD8C174FA658E9FA95EDC4CED128586D249F9588D7CDBF0B7FE0A81F080FEC11E0DFD9A3C01E10F1EFC41FDA52E3E0DDC7C12B1F863A1F87354B8B59EED7C377BE1BB9F188F13DB5B496B378722D1D65D49D2267BB8D2368A78608D64B98FE068709679C51C0396D5A5C2F19F136078BF14B358D3C150C2CF0749E1A84E71C5538D3A51C26129CB9B9A35234B0F45A69A8687EB98CE3BE1CE0BF15B33C3E278CE7438371FC0582964AEAE3F118BA78FC4471D8AA709E06A4EAD69E3F1F569FB2519D2956C5E2138B4EA5EE7B8FFC13B3F6C0F891A47FC138FE3F7ED1DF1ABC69E27F8B9AF7C2AF14F8F2F7499BC63ABFDBB52BD8F4DF06783AEF41F0B8D566559459DC788F53D8A647778DB5371190A1235F9F7F656F02FF00C14F3F6C3F076ABFB60E81FB635E78075293C45E21FF008571F0E351B2BDB8F879E309340BE961BDD1EEBC3D6974BA77867C17FDB16F369B09B8D3B56BA952CA4B99C8936CD2677EC07F0C75BF8D3FF0480FDAEBE19F82607D6FC51ACF8D7C707C3DA658CB6C6E757D77C3DE14F86DE27D2B4685A47289737971A4DB40819973F6D521D721C68FFC13D3FE0A9BFB3F7ECDDFB27D97C18F8C2BE33B5F89BF0D358F18D9786BC25A1784355D52FF00C6D0EADADDFEB9A568F6B716F6C2DB41F10A6A9A9DC69B3C1AA4D68566B559373EF655FB7CE327C560AB78B18AE01E14C1E73C554B8928612A61FF00B3F0D8C786CA2A6139DBA584A94A74E951AF88E6A75EA4611F714A4E4BD9FB4A7F99F0F710E1333C3F80F83F1438DF30C8782F15C1D8ACC218BFED5C665EB17C414B194A0957C7D1AF4EAD7C4E1F0B7AB87A152A4FF7BCB18C65ED3D95597FE08ABA8F8965FDAA7F6E5D5BE2259DB689E349605D47C7FA7DBF92B65A478B9FE2678DEEBC61676DF66B99E35B2B7D74EA491F9734C82385764B22E1DB67E1AFC60F8E7FF052CF8BBF1B3C40FF00B606AFFB247ECE1F0DB5F8FC39F0E741F01EB5E1EF0F788BC5ED2DC6A0DA7EA77FA95E6AB6D73A84C74CB2B4BEBE92632DA2B6B96D676112182E6639BFF047D83C45AFFED63FB7DC7E36F0E5DF807C5BE2FD261D7BC47E0DBF7F3B54F07DE78F7C71E30F119D1AF04D146CF716D6FAF42B99228DDB6832471B968D7E2FFD93FE1E7EC4DF027E2A7C64FD9D7FE0A55F0DED34BF14F8635EB587E1F78E7C5ABE33B7D2C693602F6C67B5913C2D72A2DF45D4AD21D2F54D37506496D2E56F2E22F3E278E38E4F5B39CBB2FC5F19F8A999D2C23C471465D9670DCB050C16070B9BE22861EAE1282C6D7CBF0389AD1A15F9231A14DD68CEA4A8D0A929D3E672BBF1F86735CD32DE00F03325C4E3E585E0ACE339E318E655332CC31991D0C562A96618B795E1B36CC30D87789C3FB794F1159E1A74A8C3118AA50A55B952F66FF557F602FDA63E3A785FF6C6F8BDFB09FC6AF8B10FED0BA3785FC3F79E29F86BF179E5D3EEB5796D74DB3F0CEA634FBCD4F4F965FED5B2BAD0BC4D1BC8B7371737361A8E89736FF6896096358BC2754F8EBFB74FC41FF82877ED5FFB2A7C02F8A53E9D0F88354B3B6D33C4BE34D40EA7A07ECFFE04F0ED9787EF3C4BE26F05F86E7864867D6EEA4D6ADAC614114AFE75FA38117CF796BF62FEC3EBFF0004B3BFF8FF00ADD87EC55E14B2B9F89BE11F006A9A86A9E30D06CFE221F0D69BE19D5B55D1F4EBDD3ADF53F165F0B5B8D42E6E64B420410484476B30F3908646F97BF6529636FF0082E37ED7E8B2233AF837C681903A960449F08B20A8391D47E75F13467937F6F788F9BC382FEA18BCAF84A862E586CDB2BA18555331A389C1FF00C287F67427528D08621A856F6316A9D4BCE3521529549AA9FA06361C454B867C23C85F88B2CD3059DF1E623011C66499C623192A593E230D9872E54F36A90857C4D4C245CB0EF1134EB5370A73A53A35A95374B89F03F8F7F6D0FD84FF00E0A0DF067F67FF008C5FB42F887F681F871F1CEF344B7967F10CFA86A36DA85878BAFEFF00C3D06AF61A7EBB7F7577E0FF0011699E2AB589A44B6BD9AD6EEC58865779152D7C27FE0AE7F0CBE33F87BF6B8F8417DE2CF8D771E2ED33E2878D6FAF7E09698FA38B21F03F4F97C5BE0AD320D3A095256FEDA54D6AF34EBDDF88D89D37611F306AFAB3FE0A33736F0FFC1577FE09F2B35C431334FF000E9556495118B4FF001775386150ACC092F2FCABFDE6E064F1589FF05D3B7BBF0C7C56FD8B3E2B5FD85FC9E0FF000CF8875C8757D4ADE056822BCD23C57E02F162E96B3C922A0D56E748D2B5692DA2764F37FB3A5DAC763EDFA9E0ECCA75F8E7C25CEA197E0B099AF1A70E6651C64A8E0B0B46388AF8758F5467084694614AB547469C6A4A82A6EAD3FDC35EC1FB33E2FC40C9E961BC36F1CB86EBE6D9963B20F0EF8C7249E0557CC71D5EA60F078AA993D4C4C275A55A55AB61A8FD63113A4ABCAAFB0A91FAC465F5887B55FB25FB25FC22F8FBF077C13E24D0BF685FDA0AE7F689F146A9E2C9F58D17C4F73E1D8BC38743F0FBE95A659C5E1F4B68EE243381A85ADFDC972DC1BFD8A30B9256D7ECD1FB587C14FDAE7C2BE20F1A7C0EF106A9E22F0F785FC44BE15D62EF54F0D6BDE19920D73FB1F4CD6E4B48AD75FB1B792E512CB56B3DD2C6AD16F665576DB9A2BF903897FB63FB7331FEDFCBFF00B2B38E75EDF0FF0055A781F653E58DA3F54A54E8D3A1EEF2BE48D382D79AD76DBFEF9E1259147873295C3399FF006CE42A97FB2E2BEBB5330F6D4F9A5EFF00D76B55AF5311EF732F693AB51E96E6B2497F307FF050494FC45FF829F789BC33AD225C69AFF12BE07F803ECEE06C7D16E34DF03C1736EE0920ABB6B17F9E00C4A7209249FEC22289218E38625091C4891C68A30AA91A844503D02803F0AFE3F7FE0A6368FF0009BFE0A47E21F1BDD473359C9AE7C18F8B10854C34D65A559787A1BB101246FF00F4AF095FA67A6F5232315FD7DE9F7D6FA9D8596A36922CB697F696D7B6D2A306492DEEE14B8864565386531488411C106BFA2FE900B9F803E8FB5B0DFF0022E790A842DF0AAD1C2E58AB2B7F35F979BBDBC8FE42FA297EEBC52FA5861B1CFF00E1663C592A93E6D6A3C34F139A3C2B72EB4F979B915DF2A7B2BEB6EB1B59D53C3F656ED6DAFEA5A4595BDFC535B18755BEB4B48EF22910C73C216EA551329472180CF0DCD6CD7F099FB68FC50F18FC61FDA7BE35F88BC73AC5DEB33693F127C6BE11F0F5A5CCF3C9A7F87FC2DE14F11EA3A0687A2E8D632CAD1E9B66965A74524AB105F3EE6E27B99774D33B1F80F05BC21ADE2E6739AE05678B21C1E4B4215AA56541E22A4A7526E14A10A5ED68AD7967294DD45CBCA928C9CAF1FD4BE921F481C27D1FF86F23CDEA70D4B8A71DC438B9E1A8E1FEB2B094E30A54BDA56A952B7B0C4BD1384614D517CEE4DB9C546D2FADBF6ABFF82617C5AF877F117C437DF012C347F8B5F09757D4EFF54F0D0F0D78B3C2C7C4FE12D3EF2E4DC43E1AF10689A9EB16F2DD1B5F3DE0B7BBB3FB4C73DBDB23CE2DE6DC8DED3FB007FC1367C716FF0017FC21F177F6941E1DF875E0FF00875ADD878B343F05EA7E30F0D5D78ABC61E26D1E682FFC3925ED8E8DAACF1E8BE1AB5D4E38AEA7FB4CEB7374F6296DF6416F24B29FC3CFB35BFF00CF08BFEF85FF000A3ECD6FFF003C22FF00BE17FC2BFD1DC6F0771FE3F84AAF0B56F11F0F1AB88C3BC2D4CC63924D63A74A51E49CB9BFB65D08D79C1B8CAB46826AFCF050A894CFF1DB2DF12BC1DCAFC40A5C7743C19C654A786C5AC6D2CA27C4945E574EBC66AA422A9FFABEB112C3C2A2538509E2651BAE49B9D1BD23FD12AC351D3B5483ED3A65FD96A56DBD90DC585D41770798BCB279B6F232EF191919C8CD5DAFE3A3FE091DF157C67E01FDB23E1DF82340D66EEDFC1FF14D3C4DE1CF18F869EEAE8E89A8ADA785756F10695AB2E98B38823D7ADB52D0ED44377E59945BDCDCDBEEF2E7603FB17AFF0033FC60F0BEBF84FC534387AA66B1CEB0F8DC2D3C650AEA97B093A73A9568B8D4A5ED2AA8CE3528CFE1A928CA0E32BA6DC57FB41F47AF1BF07E3DF036238BF0F914F8731397E3AB65F88C2CABAC4C6356951C3E214E957F6543DA539D2C4D37AD2838CD4E3669294BE75FDAF3C376FE2FFD963F688F0E5D0063D4FE0CFC458D0900F97730785B53BBB29B07A94BC82071EE9DABF023FE083DAE4D07C6DF8E1A0827C8D6BE15F87B579141F97CFD07C526DA1623D7CBF10CE07D6BF777F6DCF1845E04FD913F68DF12C92246F6BF087C6D616664202B6A5AEE8B73A0E9718CB0DCCDA8EA56CA003925B02BF0E3FE0835E189E7F8A5F1FBC5C6093EC7A2F807C1FE1A8EE4A3989AEB5DD7B51D4648565DBB4C820F0F44CCBF780914E30727F51F0DEF4FE8DFE36D4C5FFB8D4C460614AFB7B7F6B85BDBCF9A5877A763F16F18396A7D30FE8D54B02AD99D2C1E6F3ACFFEA17D862F4F2F7638A577BF358FE9AEB81F1AFC29F861F123ECDFF0B0BE1D781FC726C81166FE2DF0AE87E2192D031CB2DAC9AB58CAD6EA4F508403DEBBEAFC2DFDB43F6D1FDA77C57FB657863F606FD8FF005CF0BFC39F175FD9D8FF00C251F12FC45616BA95DC7AADF7862EBC77776560352D36F20D1F4AB0F06D919E5956C6EEF2F6E6F04107D9962DF37E13C11C2F9DF15E6F5B0B926329E592CB70D5F1B89C656AB3A1470784C3A4EB622AD4A719D45087345354E1393725EEDAED7F50788FC6FC37C0B90E1F1DC4982AB9BC338C661B2DC1E030F469E23139863F17271C36130F4AB4E9D1955A8E3292756A53A715093734EC9FED4F847C0DE0BF00696344F02F847C33E0CD1C3F99FD97E16D0B4CD034F32E0832B5A6956B146F29C9CB152C72724E6A3F18F807C0DF1134B5D13C7DE0EF0BF8DB474996E63D2FC57A0E97E20B08EE5384B88AD755B595229C0E03AA8600E33835F9CBFB317C3BFF008299FC27F8D9A3E87FB42FC65F007ED07F0175CD0B5F7D5FC5163A5695A2F8BBC2BE25B7B3FB46871259C3A1E973369D3DCA344593FB414F99874B5DAB237E909F1A78397C4C3C147C59E191E326B6FB6AF848EBDA58F13359F95E7FDAC6826EBED46DBC8F9FCCF2B66DF9B38E6B9F3DCAF139366C9E0F8870FC49565496256372EAD5EAA49B926E72AB4A8622955838FBF1AB4E128A7195F9649BEFE1BCE30BC41924D63F85B15C274A15A583965F9A50C2D293715171F671A15F1385AF42A464BD9CA8D5A9193528D94A128A9B40F09F85BC29A15BF85FC2FE1BD07C39E1AB48A582D7C3FA169161A4E8B6F0DC33B5C450E97636F1C11A48F2485C0401CC8C5B2492794F0AFC18F841E05D4B51D67C15F0B3E1DF84757D5A29ADF53D4FC35E0CF0EE877F7F6F70E64B8B6BBBBD374E8E49ADDE462CF1B3146272CA4D74BE21F1AF837C2536976FE2BF16F863C3371AE5D0B2D160F10EBDA568B36B1785E28C5A69716A577136A175E64F02F971077CCCA3196199B55F16785742D4B46D1B5BF13787F46D5FC4770D69E1ED2B55D674ED3B52D7AE9366FB6D1AC6EEE525D52E06F4CA40AEC378C8E4578D0AB9A38D5E4A98871CC39A53B3A96AEA0DCA4E56FE2F2BBB937CDCAEEDD8F7A7432852A2EA51C329E59CB1A7CD1A57C3F3A518C61757A5CEAD18A8F2F32B2575619E17F077847C0FA61D17C15E16F0E7843476B99AF5B49F0BE89A6681A635E5C04171766C349B5862372E238C3C9B37308D4127031CAB7C15F83ADE2FFF008582DF0ABE1D378EFED5F6EFF84C9BC17E1C3E27FB76DD9F6EFEDD3A77DA4DEECE3CEF33CCC71BB1566EBE2EFC28B2F16C7E02BCF89BF0FED3C7134890C5E0EB9F18F87A0F14493C814C7026832EA22E9AE183A958C45BD81CAA91CD74FE22F14786BC21A6B6B3E2CF11685E17D212686D9F55F116AFA7E89A6ADC5CB6CB7B76BED4AE22896691C10885F731E141356A59BD1ABCCA589A55F328EF7AB19E2213F3D1D58CFF00EDE52F321C323C4D1E470C257C3E553DAD4650C35482D34D6346704FFBB28A7D0ADA5782FC1DA1EB7AE789B44F09F86747F127899A27F1278834BD0B4BD3F5BF103C19F21F5BD56D2D527D559327619E490AE78C562F8D7E137C2EF892D6AFF10FE1C781BC73258AB2594BE2DF0A687E219ACD1CEE78ED65D56C656B78CB725508048C9048A678ABE2E7C2AF02CFA5DAF8D7E25F807C2173ADA24BA35BF89BC61E1FD0A7D56194E239F4F8B53D4226BB8092009230C849037648AEFE19A1B9862B8B79629EDE78A39A09E1916586686550F14B14A84AC9132329560482181048351ED333C2CB0F8FE7AF879CD5A956BD483718250B53A9A36A2AD1B45DA2AD1D1685FB2CA3190C4E5DECF0D8AA7077AD42D4A694A6F9EF5296A939B6E77946F26F9B5DCE4FC1DF0F3C03F0F2CA5D37C03E09F097826C277124F67E13F0EE91E1EB69E4518124F0E936912CD201FC4C09F7A92C7C05E06D2FC4BA978D34CF06784F4EF18EB1118757F1658F87748B4F12EA90B084345A8EBB6F66B757B1916D6F95965607ECE991F22E39DF15FC6CF837E04D51344F1B7C57F86FE10D664F2B6E93E26F1B786F43D4B132B342ED63A96A514A91B2A3956650A429C1E2BD074ED4B4ED62C6D754D26FECB54D36FA15B8B2D474EBA82F6C6F207FB93DADDDB48D1DC427B323153D8D3AFF00DAB08BC5E27EB1086609A7567ED12AF1D1B4E72D2A2D136AF25A27D030FF00D8F392C0E13EAD39E58D35469FB26F0EECD26A9C75A4ECDA5A45D9BEE60EAFE04F03EBFAEE8FE28D77C1BE14D6BC4BE1D2A740F116ADE1ED2351D774329299D4E8FAB5E59BDC69844E4B8F2644C39DC3E6E6AD78A3C23E15F1C68D71E1DF19F86B40F16E817651AEB45F12E91A7EB9A55C3479F2DE5D3F53B79627914B12AC532A4E54835972FC49F87505B78A2F26F1F782E2B4F03B6CF1A5CC9E29D0D60F08BE586CF13CA6FB6E82F94718BA311CA918C8AF90FF006D1FDB6742FD9A7F66F93E3B7C3AFF008417E2CDD5EEA7E17B6F0CE8F1F8D6D20D2FC41A56BBAE2E8F79AD69DA8E8C97726A1676C56E373411BA7990323BA6C6C7A193E4DC439D66994E579661EB54C7E2EBD2C3615393A718D6AAD4A9C23566E30A57E6552EE514A2F9DB4B53C9CFF88385787726CEF3ACEB1787C3E5581C356C5E365CB1AADE1E8A71AD5274A9C6752B28A8BA6D284DB6BD9A4DDA27D93E11F047833E1FE8EBE1FF0002784FC37E0CD092796E9746F0B689A6E81A58BA9F6F9F73F61D2ADA288DC3EC4DEE577B6C1B89C0A2BC6BF65BFDA074CFDA2FE08FC2CF89B2FF00C23BA278A7C79E04D1FC5FAD782349F115B6B773E1C9EFE3417768D958AE1ADE2B96D9BE6B7898160AEA1F8A2BCFCD7099860332C760F358CA398E16AD4A75B9E5CF2F6909B84EF3BC94FDE8BF7D4A4A5BA6D3B9EAE4D8CCB330CAB2FC6E4D2A72CAB15469D4C3FB38A843D95484674D28251E4F724BDC718B8ECE29E87E33FF00C1757E065C4E9F08FF0068AD2AC5A5B7B45BAF84FE379E1B791CC30DE4B75AFF00826EEF2640445682F1BC4969B9F0BE76A96F183BA400FE82FF00C12CFF0068AB5F8F7FB28F8374FBFD405CF8EFE10416BF0C7C696F34ACF7AF1E89691C7E12D7640EA0BC37FE185B063272A6EAD2EE20C5A16C7D85F1EFE0D785FF00682F83FE3EF83BE30883689E39D02EF4A376B1452DCE8FA9A85BAD0FC4160264654D4AC359B7B1BB81883896CD7391915FC7DFECE3F1D7E297FC139BF6A3D7E1D7F49BBBBFF847359BEF871F19FC0905C4B041E27D0AC35004EA3A37DABCB8DF538094D5342BA911165835030B3A5B5FCCC3FABF82302BC6BF04319E1FD19C5F1BF86D59E2F2C52924F1384ACEA3F61CD26B4939D5C3DDB50A738E05CE518B67F0878979AFFC4B6FD25F2FF15F154E51F0D7C65C3C32ECEA7084E51C1E618754A31C538C14B58C214B11649CEAD39E61C909548A67F6C55FC2278E3C077FF12BF6A8F8DDE11D32FACF4EBDB8F89BFB43EB89757CB33DB083C1B7DE3EF195E40C2005BCD9ACF419E188E3025B842DF286AFEDD3E137C5AF87DF1C7C03E1EF89BF0C3C4965E29F077896D05CE9FA959B159219570977A66A7672012E97ACDB4FBE1BAB49D527B796368E440457F267E18F809F1DA1FDB33E2CF88E6F827F1722F0F5F788FF006B69EC35D97E1C78BE3D1EF61D77C1FF00172DF4496CF537D2043711DECF7F62968C8E45C3DEC4B097691017F45FC74F85B11E2C3C7D58E4F9AE5D9747969E29C69548E270EF16FD9BA55795BA90A914A54DABDFDD685F4DACAA8F1CE0BC06A79761E7C4190E6F9E2756AE0F9ABD29E0B151C245D58D6A1CC952A94A6DC6B465CB67CD19753F3055832AB0040601803D4023383EF5ABA1E972EBBAE68BA1412C704FADEB1A5E8D04F2EE31433EAB7D6F610CD3040498925B8566C0CED538E6BD6A3FD983F69811C63FE19D7E3AF11A71FF000A97C7791F28E0FF00C48BAD75BE04FD9A3F691B5F1D781AEEEBF67BF8DF6D6B6BE34F09DD5D5CDC7C2AF1C4305B5B5B78834E9AE2E279A4D0C2C30A428ECECC42AAA124800D7F7D62F89322A786C4D4A59EE0FDA429CE51FF0069A0FDE516D69CFAEB6D3A9FE4FE53C0FC4D88CDF2CC362B85F31FAAD7C4D0A752F83C4C57B39D58467EF7B3F77DD6FDEE9BF43DDBF606F0C5D780BFE0A47F08BC137F756F7B7DE0DF8ABF107C1F7B7B68B22DA5E5DE81E18F1CE8B73756A9300E96F24D66EE81C060AE03720D7F67F5FC9F7ECE3F047E3668BFF0546D17C6BAAFC1DF8A7A678353F68CF8B5A9C9E2ED47C01E2AB2F0CA691A91F1FA58EA8FAF5C694B6ABA7CDF6BB5F2A632F9727DA63D8C77AE7FA24FDAB7F6ADF867FB257C30BFF883E3EBF8EE753B88EEACFC11E09B59E34F10F8EBC449017B7D274A81B261B34668DEF6F5D4C1656E4C9292E628A4FF003E7E92F4F15C65C7DE1F617224B3DCDF36C8F074D53C2B85594F1153158B94A16A6DC60D39B94AEE2A10F7A5CB0573FD6EFA174B03E1D784FE2A633899BE18C8B23E27CC6ACAAE354E8C69E12960B2F842A5EAA529C5A872C5A529549FBB0E69B49FE5BFFC1707F689B0D0BE1BF833F667D12FA097C41F10352B2F1D78E208E589A4D37C13E17BD32E816D768260D049A8F8B60865877210D1785AE72402B9FA0FFE08E5F042EFE15FEC9B6BE35D66D24B4D7BE38F88AE7E2088E608258FC250DB43A1F829709D21B8D2ACA5D4630DF36DF1072013B47E057C19F087C46FF82927EDAF687E205F5C6A3278DF5D9BC65F13AFED4BA58F85FE17F86DEDC5D685A30F351EC74C4B17D2B42D376932ACDAB47752EF94DC487FB49D2F4CD3F45D334ED1B49B3834ED2B49B1B4D334CD3ED63115B58E9F616F1DAD959DBC4BC470456D14688A380A800E94FC638E1BC2CF0BF84BC16C1D7857CEF319ACDF3BA94DDE2EA49B54E927A5E32AB051836A33F6581A339457B60FA3C54C5F8E3E35F1F7D2431D87A986E19CA69BE1EE1AA555252F630519622BDAEF964A9CDCA6A329D3F6D98E269C64DD0B97ABF0FF00FE0A21FF0004DCF8BFF14BE32695FB5D7EC95E318BC35F1B745B2D1DB58F0ECBAB1F0C6A1AB6A7E16B792D744F11F833C51B0C165E226D2FCAB0B9B3D4BCBB0BC8208FCCB9854CF1DC7EE057E3FF00C7BFDAD3FE0A13FB3BFC6FF895A5E9DFB1E4DFB44FC0BD4B55D2AEBE117897C0F71A969FAD69DA64BA0697FDABA6788EE3C37A5EB4F24C9AFAEA9E58BBD2ECA40A414B9BA8CA797F8AF85589E2AC171256C5F07E2F014B34A585A919E1F31AF86A187C7E1EA4E9C2B60DAC5D4A546B73A92A92A4EAD39F25294E12E6823FA53C6EC0F03E67C214303C7F81CCEB64B57194674F1794E1B1B89C5E598BA30AB570F8F8BC052AF89C3FB37074A35D50AB0552AC29D48F2D467817EC5DFF000539F8FB65F1F741FD8FBF6E1F020D13E226B1A9C7E14D17C71FD956FE18D7EDFC4D2D889F43B0F1B787ED1CE9DA9D8EAA2175B4D6347315AC971796EAB6B2C1335D41E52F0DB1FF00838466956280CC20B72F204432893FE19674C4CB38190FE4951EBB481D2BA2F843F00FF6B1FDB8FF006EFF00007ED8BFB41FC149BF674F869F0A63F0DDC687E1BD6A49A2F106B5FF000874BAAEA7E1BD0ED2D75182DEFF00539A4F13EA93DDDFEA57563A7DBA5A4496B690C9210E347F6F7F83FF00B527C11FF82827C3EFDB97E017C1DD53E32684BA068965AAE8FE1CD36EB579A3D5EC342D5BC15AFE85E24D3B458DEFECE0BEF0B5FDA4963AA4705C4505CDB01386F223B79FF7EA10E10C2F19E759564CF2CE1FCFB8C782B30C1E370B85C6D179650CEF14E128E168E21D4961E9B9429DA54A9D474A9B514A529B9397F2AE35F8858EF0EB8773BE21FED9E2AE18F0FBC47CA332CBB1B8DCBABACEB15C3581E684F1B5F06A8D3C5D4509D694E15AB5155EB4799CA31A6A1CB9DFF05CF8A297E2E7EC17E6C71C98F17F8D31BD15F19F17FC18CE37038E82A5FF0082DA3F8921F8FF00FB06C9E0CD79FC27E3297C41E30D3FC2FE2C86DE2B9B9F0C6B7AB78A3E1AE9561AEDB452A1DD3DACF7AB32E30C1A205195C2B0F08FDADBC0DFF050FF00DB17C57FB3F7C76F1F7ECD3AE7817C1BA07C48D0FC39E03F839E1BB6BDF14F8D7C2FA46A1A9E87AEF8ABE2278F2E174C826D2F4BBB9B42D36D91AFE2B0310D393FD02052D7579EC9FF0005CEB7F105E7C66FD87ED3C25790E9BE2CBBD63C616DE15D42E0C62DEC3C4D71E2CF8631787EF6E0C904AA2DE2D5DECE490B452AEC8CEE8DC654F7706616965B9CF813C3B5333C0E3730C9B03C5B4F171A188A38CA142A57A589ADECEB4A93AB4A6A31A9C956DCF4E528548C5D48C6EFCDF1231B8ACD3867E937C5D4B26CD32ECA388B38E03AD80788C2E272FC5E2A8E1ABE5784955C3D3ACA8D7A6EAD4A12950E6F655946A529CE34A5249627FC1407FE0953F02BE02FEC99E24F8DBF0FB55F1D6A7F183E1FEA1E1BD7FC69E3AF16F8B351D5AF3E223EB5AF58E91E25D5751B3B894C3A46B6DA96B0BA8C13D988E6596D7CB9649CBB494FFDAE3E29F883E367FC1127E0AF8F7C717526B9E27BCF13FC39D1FC41A9DF012DCEB5A8784BC41E23F0B3EAD7923AFEFAFAEA0D2229AE24C7CF35C48DDEAAFED65F15BFE0A6DFB517C3E5FD8E35EFD8BF58F0C788AF75ED0ACBE207C4CF0CDE6A579E06F1D2F872EE2BF82F747D6AF74F8349F0A784EEB56B4B0BE9E66D5AFDBC9B736AAB1CACF157ADFF00C145FE08A7ECE1FF00048DF869F0524BD8355BCF00F89FE15699AE6A7691C91DAEA7E21BABFD5F54F125EDA24A77ADA4BADDF6A0D0863B844501008C0CB29C7E6B17E12659C69C4386E21E309F17D3C56127471B87C7D4A594CE95383FDF61E75234E856C472CE8526E1EE28A8C22A93853EBE20CB325E4F1EB3BF0EB85717C27C054B80AA60B1D0AF9762B2BA55F3DA75AAD456C3E2A9519D5C561B08E54F13884AA2954936EA3753DA56C7F09FFC12C3E19FC7EFD8F22F8FFF00167C77E3CF1FFED35F13BE0DD8FC4CD2FE24EAFAEDE2695E189E6F07DB6AFE0EF075B78462956CEF7C3363A6C1616332CEAD2480DC4B6AD648D04307937EC41FB66FC45F867FF049CFDA57C4B1EAB7579AFF00C0BF10DB7817E11EA574CF7F75E1F87E2843E14B0F0C418BE99964B0D1BC45E2ABFB8B68B1E5C36B6D1DBAC6628D63ABBE1DFDA57FE0A45E01FD913C0DFB3F787FF655D4BE23D9F8EFE0BE81A47C21FDA13E1E2EAFAFDBD97C37F15F872D2CFC3E9A978734CD065B74F1AE9FA0DF476E5EFEEF4DF2E5862B99ED2E115A6B8FABBF658FF8268789B41FF82707C59FD9D7E273587863E29FED032DF78CF50B69E58759B2F00788AC2DF413F0DB4ED425D399A3BBB8B0B9F0B68D757FF6692648EE2EEE228259844923E19D664B2FC9733C378999F60B3CCA313C559655CAB0B471586C5BA196E1B15358F7470F8772960F08B07FECDF56953A5ECE6A74DD184AA2E7DF867289E6F9F6478CF07386F31E1DE23C2702673433BCC2BE0F19828E2739C660A84B2A588C562D42398635E61CD8CFAE46A623DAD29D3AB1C454853FDD7887FC13DFFE0983FB3C7ED0BFB30E8FF1DBF694D1FC51F12BE26FC6ABAF13EBEDE21BFF001CF89AD351D1B4B1AF6A1A56997D0DDE97AAC6DA9F886E469A6FEE6EF503772992FF00ECEC0431B46E9FF0490D5FC63F033F6BFF00DACBF623B8F126ABE23F871E03B8F146AFE158351B959A1D2350F08F8CACF411A8D8DB0554D366D5741D7AC24D461B644B77BCD316658D59DDDF0FF664F8FDFB7E7EC29F0AEE3F663F14FEC1FF00117E2DDC783352F109F875E2CF0ADDEAB73E1EF275DD6EE35336379ABE85E1FD56DF59F0F26A77FA84F697104F6F72B6F3C5673DA5BB46D2A7D51FF04BCFD8FF00E387C3FF001FFC6EFDAEBF69FD36DBC37F17FE3B5E6A4B63E0A0F0CBA978774BD67C452F89BC43A8EAFF0065BEB8874C7BDD4534A86CB4F134D359D8E8C9F69944F3BC10F1F1A6699AD2C9FC60A9C5DC5184CE78633F9535C3986A79861B18A553EB91A985AB80C2D1AF56783A586C1FBB5DB8514D5A127525F17A1E1D64992D6CFBC00A1C05C158FE1CE34E15854FF5BF195B2AC5E5EE347FB39D1C6E1F35C6D7C350A79957C663F9678551A95DA69D68C2942CE3F98BF013F65B93F6BEFDBFFF006D4F83DE24F1D6B7E13F823A77C6AF1D7C48F8B3E14F0C4C9A7EA7F126EF42F88DAFE99E0BD1A5BD16CC21B5B7D4757D42E64966F37C90A7ECD0A5DCB15E5A7D4FFF000546FD83FF0067FF0080FF00B157853C51E06D37C4EDE20F8297FA57803C09A96B1E24B8BC36DE17F889F13B55F147882CB52B2B7821B6D4EE3FB43C47A82C370F089D2309B9E490348FECDFF04F3F81FF0018FE1EFF00C1413F6F1F1D78EBE1978CFC25E0AF1B6B9E2E9FC1FE2BD7744B9B1D03C4F0EA1F14AF759B19343D4E41E56A4B2E9534770BE5336236CB6D3C57DA3FF0537F813E3CFDA2BF63AF891F0F7E196949AF78E61BEF09F8B342D00DCC36971AEB7853C47A7EADA8E93A7CF732A44BAACDA4457EB6AB2BAC724FE5C4CE9BC3AF3679E2363F09E2F70060687142C2F08E01E412AAA856A70C2DEAE0E852C5D5C4D4A6D4672F6556A50AD3AB26E3875ECA4D53828ADF857C21CBB19F47CF1471F8AE0B9E338F737A5C4F4E8FD6B0F56A637969637135B0143094ABA73A50F6D468E270F4A842319625FB782756A393F9FBFE0951FB1B7C0AF875F077E0D7ED51E18D0B59B7F8C5F14BE0969F6BE2ED66EFC49AB5EE957317892EB4BD6757165A0CD3FD9AC0C97DA2E9C54C68362C25571BDCB1597FF04B4F8BFF00B4FBF86BC1DFB33FC56FD937C5FF000A3C09F05BE16C9A445F17FC5326B5A37FC243ABE8FAB69BA7683A145E18D67C3D028BE9B4CB9D5259E5B5BFBC453A4872B124F18A2BF0FF0015DE78F8EB3D967D992CD2BCEB54961EA2C652C6A583955A92C242352955AB1A718D17171A1294674A2D294237B1FD3BE09FFAB3FF0010DF86D70B64EF24C1428528E228BC056CBA4F1D0A34A18C9CA857A342739BAD1929D751942ACE2E51A934AE7EC8D7F38DFF0005BAFD97459DDF85BF6B0F0A58621BD3A6FC3FF8B2B6D0AE12E544917817C5973B483BA4CBE917329CE4FF00652700135FD1CD79DFC5BF863E16F8CFF0CFC71F0AFC6B69F6DF0C78F3C37A97873568C713430DFC0C90DFDA3820C37F6B75E45CDBC80868E7B58DD482A2A3C2BE3BC57871C7192F13D172961284FD96329C77AD82ACD47110B6CE518DAAD2BE8AB53A727B11E38785D81F183C34E23E09C52843198CA5EDB015A5B61F30A09CF0B56FBA8B9DE956B6AE855AB15F11FC45FECCBFB607C6CFD933C5327887E13F897C8D3351B88A6F1478175C59751F0478B9228C44BFDB1A42DC235AEA2B10558B50B292DEF6308A8D34B06E81BFA29F811FF05A7FD99FE2059D8E9FF186D35EF81FE2B93ECF05D4BA85A5EF8AFC0B71752808F2D8F89B42B379EC6CF7F25B51B2B458C1F9A560A5CFF2E5F19BE1878A3E067C55F1EFC21F1AC423F137C3FF0011DEF87F50982848B52821D971A4EB9689E61DB61A868D71A7DF41924F95A82293B95ABCC4DCA80492AA00C927A003924F3D315FE9571BF841E1AF8B1430D9D63F07ECF1D8DA34EA52CCF0138D1AF5A94E1195294E4E13A58883838F24ABD2A938C128C25048FF0017BC34FA44F8D3E0162F1BC2B80C6AC4E5B95622AD1AF9366B4E788C3E1EBD2A8E9D685251A94EBE1271A919F3C30F5A14E551B9D4A73936DFF7D5E17FDABFF663F1A5AFDB7C31FB40FC1CD5EDC1019ADFE22F85524424060B2DBDC6A69244FB581DACA08CF22B17C69FB67FEC9DF0FA179BC59FB447C22D38AC6F20B583C71A1EADA84A106E2B6FA668D77717170FD82A46CC4900024E2BF9CAFD977FE08CDF16BE3B781341F899F137C71A57C17F0EF89ED2D358F0FE8375E169FC57E35D4340BA54B8B5D5352D3E5D5B4F83C32B7564E925B472CD7570239525B8B7889F26B4BF6AAFF8237F89FF0067EF853E37F8CDE0AF8CBA1F8F7C2FE02D2AFBC49AF685ABF8525F09EBD1F86AC4B497573A76A165AD5FDAEB1A8C16E43B44D1D92CDE5BF94C8E5223FC7EBC25F01A1C551E1A9F8C589AD8C9D75865469E05B8FB77354D51FAFC694F06E6E6F97992E4E6D1B4CFF447FE23CFD2A2AF03FF00AE34BE8E984A3828E19E31D6AB9B538CFEACA9BAB2AFFD972AB4F305154D5F91BF6AF492838BD3F5CFE207EDEFF15BE21FC3AD43C5DFB0DFECC3F11FE3AE8F226A9058FC58F1469F6FE0AF87825D352F22BDBBF0E78635DD56CBC43F115ADEEE0F2CC567676B04B3C72DB25E35CC2F057F2A1F1B3E33FC54F8E3F1075BF1D7C65F14EB1E25F18CF71359DC9D58358DB787ED6DE661FF0008FE8FA0811C3E17D2ADE54606CE28A2C4A8F25CF99726495BF55FFE0955E25F0D69DF107E0F7873C5FE17FDAD24F89DA8DC78E1BE0FF89A0BCF12DCFECC3A2F84B57F0FEB12C179A8784E2D66CD6FB4C3ACC7E2792E26851EC65BE9C3BCE932B3C5F3AFC0AFD8FF00C49F1F7FE0A25E39F837E35BDD33C51A3781FE2B78DFC63F1CBC51E1EB5B8B3F0EEABA2695E2DB9BED4EDEC2191A73A59D735EBDB6B08ED1E6924B78EF6EC2CF29B3691BF76F0E709C13E11E7FE2060A594E1F0986E1ACBFEBF0CCAA4673CC71384588C451A9075A55EB50A91E6A3420E386A5972A989A8A9BC24F963557F3478C989F123E901C13E10669433CC6E2B1DC6F9B432BC464D4674E964F83C6CF0743134EAFD5E386A18AA6D42A626A4678BC466DC983A4EAFD728F33A32FDB4FF823DFECB4DF05BE00BFC5EF1469E6DBE20FC7A8B4DD7D23B98E44BAD13E1C59C72C9E0BD27648E7C99AF16EEEF56B8C2A31FED8B6825526D108FD78A86DADADECEDEDED2D218ADAD6D618ADADADA08D2282DEDE0458A1821890058E248D5555400005000C0A9ABF8138D38AF31E38E29CEB8AB3497FB5E715A55396F754A924A142841BFB1428C69D28BDDA826F56D9FEA5F871C0B93F869C11C37C0D9143972FE1EC3468A95AD2AD59B75311899AFF009F989C44EAD7A96D14AA34AD14922A29E782DA292E2E668ADE0894BCB34F224514683AB492484045F7240A96BF986FDBE7C67A8FED19FF000535F077EC7FF197E2B788FE12FECD7A72F86745B8874ED722F0E695AAEA3E23F055C78B06B17F35E29B3BFD4F54F1049A56836736A115CDBD964FD9E1596699A5F4BC3FE09A9C759BE3F02F30595E0B28C0E2731C5D6F652C4548E1B0AA3ED150C342509622B49CE2A1494E2DDDBBDD28BF23C55F1268786590E57993CADE759971066783CA30186F6F1C2D19E371D292A4F138BA90A90C261E2A13954AF2A7351B4572FBDCCBFA6EB2D42C35288CFA75F59DFC018A19ACAE61BA8838EAA6481D806F6CE6ADD7E5F7ECDFFF0004C4F871FB24FC6CD1BE2DFC0CF8A9F146C3C18BE1CF11693E2AF84FAFEAD1EBDE1BF133EAD608BA6EB16D2E991D905BFB6BB8629545CDBDEEFE3C86B76CB3FD0FFB327EDBBF01FF006B5D5BE21E81F09352F141D77E17DD58DB78B346F17F85355F096A76A350BAD56C20B8B7B3D5503CD0ADF68DA8433021258258824D1C6CCA0F1E71C37858FD7B1FC258CC4F1470F6594A854C5632581A9857839E22A4E942962A9FB4AF0A6E538A509C6B4E9D4E64A32E6528AF5322E2DC5CFF00B372DE38C0E0F8378A738AF89A582C04733A38DFAFC30B4A15EA56C0D4F6585AB5A31A5372AB4E586A7569284A5287238CE5F5D57E65FEDDBFB08F8C3F6B7F8A5FB33FC41F0CFC40F0D783ACFE057896E35BD634DD7746D5353B9D7ADE7F12F83B5EF274D9F4FBA8D6D6611F85E58BF7A0A96BC56C80855BE86F197EDA1F037C0DFB4A781BF64ED6352F124FF18FE2069F65A968DA6693E17D4F53D1AD2D750835CBAB33ACEB96E9E4E9AED69E1ED4E660DBBCA892392631A4A85BC47E357FC153FF0064DF825F11758F853A8EAFE39F1F78E3C353496FE2BD2BE16F81F54F1945E18B9B768D6F2D355D42068A03796E65896E22B79276B791C433F9736631EBF07E55E22E4F9DE5D9A70AE438B966D5B0757138792C1BACA781C4C2AE1278951A909537426A7529C6B35CBCFF0004B9923C3E3DCDBC28E20E1ECCB24E36E23C07F6251CC30F85C4C258F8D094332C1D5A39851C2B952AB0AAB134E54A8D79504F9DD3579C3D9B77FD1CAF88BFE0A07FB2AF893F6C7FD9EAEFE0CF853C5BA1F82B56B8F18785FC4CBAD78874EBFD4F4E1068135D4B35A35BE9B324AB3482E176B8255761CA9CF1F327ED63FF000534F833A7FEC60BF15FE0C7C4BD7B45F167C70D13C7DE1DF80DAD45E0DD446A76FE3DF045EDAE9BE20B3D4EC759D2A48345BBB2BB99A32F791B5B3B7CF0B4C9B58F01FF0004C2FF008293F84FE2DF847E19FC04F8DBF14FC43E33FDAA7C51ADFC40D8750F084B6F0EA3A369F36BDE29D0D2E75CD0745B7D2D248FC1B6048388DC9B5F2A4CCC417F6323F0FF00C46E1FCA7FE22565B95D6C257E14CC650F653C2D696228CF04AA54AF8B9D19D0951FAA612AD09D0C4CEA4FF775A2E13868DAF9EE23F14BC23E29CF7FE20F6759E61B1B4B8DF2985555218CC3C30B89A5984E8D1C36069E229E26359E371D4B134EBE129D28375B0F2F694E6F44FF0057FE03FC39BCF841F04FE12FC2AD4354B6D6EFFE1C7C3AF077822F358B3B696CED354BAF0CE8363A3CF7F6D6B3CAEF6D04B25A33A23BB32AB8058919AF58AFCF5F8F9FF053BFD94BF67CF1FDEFC2AD7F5FF1678E7E236923FE27FE13F859E11D47C6D7DE1C90224D2DAEB77566D1DB5A6A11DBC8924D6AB3BDCDBAC886E228B7A6EF6BFD98FF006C4F805FB5DF87F56D7BE0978C5B5B9BC3B35ADBF89BC37ABE9B79A078B3C3925F248F6326ABA1EA31AC82CA7105C086EA0335A4AF6B3451CED2C32A27C866DC2DC67F51ABC5D9AF0EE36865998CD579632785A94E849E266E50A9CDC8A10A75A72FDD4AD1A736D2A6DE88FBBC8F8CBC3CA78FC2F01E47C559756CDB29A6F094B2FA78DA557131582A6A1528283A92A952AE1A9C57B785E556925CD5947567D3F457C2DE23FF00828E7ECA5E0DF107C7CF0D78C3C71A8785B50FD9C6E34CB1F882DAD6817F6D0DE6A7ACCD25BE99A5782D230F378C35296E226510D9C4ECA3F78FB610D20E33E067FC1563F633F8F373E29B3D13C7F7FE08B8F09787354F186A1FF0B3F473E0FB4BBF0C68A03EADAB697A9CB7535ADF7D9E278DE5B6130BBDB26E481D55CA91E00E37960ABE650E13CC2780C34694AA55584ACE118D7A74EB519732834D4E955A551357F72A424ECA49B73F13FC39A798E1729A9C739553CCF1B2AD0A54258EC3C6ACE787AB528568A8BA89F353AD46AD292767ED295482BCA124BF4728AFCC2F85BFF057CFD89FE2E7C50D23E15F86FC67E28D3B53F126B517877C33E23F13F83F52D07C23AEEB77737D9F4DD3E2D56E9CC9A5CD7772D1456BFDA16F66249A78E125259111BF4F6BCECF786388B85EBD0C2F116498AC93118982A94E189A33A329C1BB73454D2BA4F495B58BD2493D0F5B8678C78538CF0B89C6F09F11E0B88F0983AAE8D5A982C452C4429D5493E49BA72972B716A51BFC516A51BC5A61451457847D2051451401FCECFF00C173FF0065A6BFD17C29FB5B78474C2F77E1C5B0F87DF1745AC459A4F0EDE5D38F0478B2E479A02AD96B5773E9970E11DDA2F10D9976586CF2BFCD968FA8E9B65AC69179AD5A3DFE8D67AAE9B75AC5846A1A4BED2ADAF609B52B2456740CF2D924F1805D013272EBD47FA207C45F00F863E29F80FC61F0DBC69A747AB784FC73E1DD5BC2FE20D3E503171A5EB3653595D08DCF315C2A4BBE2907CD1C91A3A90CA08FF3FBFDA33E0B78B3F66AF8DDF117E0978B8CF26A9E02F105C58D96A9244F12F88BC377289A8F85BC516EA547EE6FF41B8B2B86DB958E679A0DC5E1703FD07FA2EF889FDB9C318AE04CCB10DE63C37172C2B72B4EA65F5256E54F595F0B564E17BFBB4AAE1E115683B7F927F4E3F07970D71AE5DE2BE4B838FF0065F16D48431D1504E9D2CD284538CE51B72F2E3A853E769A7CF5E8E227377AA93FED23F6C8F855E38FDAD7F6409FC33FB34FC49B1F0D5F78BACBC1BE2FF0B6AF61AC5E695A0F8DFC250C70EAD0F8625F10E87BE5D3349D42CA5B3749A2592366B48A1B8536B2CD5FC99FC48D43F6DFFD93B4EF16FC10F8A37FF16FE1CF85FE25E8D7DA06BDE11F13EA0FE20F03F8DB435262D413C3BA8DD4B7FA6CE85240B35C68F7315D2C5304964457DA7A3FD91FFE0A77FB49FEC836D1F847C3DA969DF107E185B5F3B4BF0C7E203EA1358E88FB9BEDB6DE11D6AD9FED9E0C7794BB496EAB7362933BCDFD9C66794C9FD4DF813C59F06FFE0A81FB17CBAEF893C077761E12F887A7F89B46BCF0FF0088D2CAF358F0678CBC2F7D7DA43EB1A06AF6648FB6596B366B75A7DF43E44AF1EC13430B34F6CBF2586FF59BE8EF6CB788B20C0718F86399E651A94F16A9D278CA35E6A32A73942A26FDB53850556309C27075295A8E2A936ADFA462A7C1BF4BA82CEB83B8C335F0E3C6AC8727A94AAE0156AF1C0D7C3C1B8D585E9B8A787AB5311EC65569D585554EB5F1183AEA28FE487E1F7EDD5FB597C25F8749F0A7E1DFC77F18783BE1DDA41A94567A0E9D0F87DCE8F6DA9C935CEA29A26BB7DA14DA9F87E36B89AE2651657B6E2096692583CA77663FD44FFC1253F65DBAF80DFB3941F103C6B63709F16FF6809ACFE21F8BA7D55257D6F4DF0F5C4734FE0AF0F6A13DE42B702F574EBDB8D46F5262D20D47C4574B2333460D7F37DFF04D7FD932EBF6A5FDAB344F08F886D9351F86BF0A2F078DFE2C5CAC226D3355D33C39ABFD9B45F0B66E212B243AEF886CD617898067D32D75120878F35FDC8A22C6891A2AA222AA222285445501555557855000000E0015CBF4A0E2DC9B2E50E08E1BC0E17038CCF270CC33AAD86A14A954C459B9E12962674E119569CE6E58A9FB5729AB509A7EFCAFD3F421E02E27CD294FC47E34CD71B9A65BC354EA653C3786C5E26BD7A1838F2AA58EAF83A35672861E10A71860A97B18C60E32C4D3B7EED59D451457F179FE8D857E747EDC9FF04D8F835FB6CA59789357D4752F879F16F44D21F45D1FE22E81696BA8A6A1A5A35C4F63A1F8D3C3B78C91789B4482F6E6696209359DEC3E74890DEC7148F1B7E8BD7E3D7ED03FB25FFC1452C3E367C48F8A9FB20FED73A57867C29F14B58D335AD4BE187C4080CFA57846FACBC3BA4E8572DE1B4D73C2DE24B1305C49A4ACEE6DECF4C9035D3093ED0CBE61FBDF0EAB62F0BC42B1B9671B61F81336C1D294F0D8BC57B6587AB3E7846587AB3A34710A319D294E6D56A33A33F67ECE4B9A513F30F16E865D8DE12A997E75E1CE2FC4EC8F1F5A14F1780C0AC34B154A9A8549C315469E23138373953AD0A705F57C443114FDAFB587BB09DBF3D3F66BF889FB57FF00C13A7F6E0F86BFB18FC55F1FCBF123E11FC41D5341D1348D264BEBCD6B4483C3BE319AF345F0778C7C0675791AFBC15716BAD695F67BDD1BCD7B1114376B1C5339B4BFAF4EB8847EC2FF00F059D8EF9CA68BF08FF6B5B0BB9A6B891DF4DD12D2EBE204A65BE699D98C12DC5A7C5AF0F452C8CDE58B7B5F180725159CBFD3FF00B307FC134BE31DAFED19A67ED77FB6D7C6BD3BE327C5EF0F7953F85741F0F5BCAFE1FD2B53B3B3BAD3B48D4AF7519B49D3625B7D3EDAEA79AC74DD3B4BB2B486F6E0DE4924F32FCDC2FF00C17AFE1DF82F56FD9E3E1B7C50D4F56B1D27C71E08F88B1786FC356D3425EF3C55A2F8CF4F99FC49E1FB6911C1845BAE8361AAB3B06409A1491FCB24E84FF4253E28E19E23F1272CE19C3D7C3662F8E7249E499F6372DC34E9E131399D7E7A94B1B428CA9D2752787AF1A2DE25C21171949FBB4E0EDFC9B5382B8CB837C1CCEB8D31584C5E55FF0010CF8921C4BC2F96E718D856C760F25C32A54AB65B8AC446B578508E2F092C4A8E0E152AB854E4569579DCE17FE09DDA7DC7ED4DFF00051AFDAEFF006C8D5E196E7C35E02D5352F87DF0E269CB4D6E92EA121F0B6912DA3CCA0C3341F0FBC29E6BC6AA02378D1B392558F9BDDF817F6C8FF82577C7AFDA2BE38F833E0AE95FB46FC01F8B3AE6A1E29F11F892C6E6E8F88743F0FBF88F5DF135B8D62E6CE3BAD47C2D7B62FE24D4A3D42E5F4ED4749BB8EDE1BB967B731ED83F4DFF00E0935F02C7C0FF00D8AFE1AFDBACBEC7E28F8A8B73F177C4FE65BB5BDD193C6296F2F86ED6E95FE612DBF836D7C3B0B03C078DCA800E2BC3FC73F003FE0AE71AF8FBE1C782FF0069BF813E30F857E33BFF0014DB695E2AF881E1ED46C7E267863C23E2BBBBD4FEC28E5D3FC297514F3D869379E4C17134B7B336CDCB2C588D21F16B71760711C7DC6192C730CA17046170F80C8DE0B37A98BA1471597655354E33C2627094E752957A55E954C4D36E69CBDBF34615650B47EA68700E6186F0B380388EA6599F47C49C662F32E258E6190D2C162F1181CDF3DA552B4E9E37078D9D3A188C354C3D7A781AABD9B8C5504A5528C272A8EB7C65F8F9F037F6BFFF00825BFED0FF00183E1BF82B4ED0868FE14F1BD9EA5E1CD5F44F0F8D77C0DE3E13E9979AEBC771A62C910BBBC82FEC6F5350B6757BCB7D4229A5D9319228E4FF00824168FA1697FF0004F8D07E205A786340B8F1A68FABFC73BAD3F5F7D16C25D79A4B1F14788D6DED975516AD726231431C3B0390630230A5405AF75F809FF04E5F09FC1BFD897E237EC8F79E31BBD62FFE2FE91E30FF0084FBC7B6160D64A3C49E2CD12DB4382F742D1AEAEE6FB3E97A75969BA44704324ACD71F6079666592E1C2FCE9FB087EC41FB7B7ECB1E3EF0D7833C55FB40FC38BFFD947C31A9F8C358D43E1EF876C0EA3A8F8C6FBC41A5EA56F6C1135BF044779E1AB7935DBFB7D4EE634D6E58526B1689219C5C3C83C4C6669C158AE09E3FE17E1EE2886070780CFF00FB57010C7CB1319E3B2FA583AD45E1F0F28D1A929D5AB565CB4E9D754DCA128CF11283E792FA3CB729F1172FF11FC2BE34E2FE09A99AE639A70B3C8F35AB9543073A596E695B31C2E2562F151957A31A787A3429CA55AA617DAA85453A7858D58F227F9ADFF04B1F8A9FB5678734BF8DBF137E077EC8FA3FED33E2DF1E78DAD66F887F1235CF8ADE18F01EBBA2EA77B672F8867F0EA5A6BB0B4D750DD6A1ACDF6A171711796934D72B14AACD6D1ECFBB7F617FD9DBF6B2F0EFFC141FE2BFED27F127F67583F674F86DF153C09E274D73C2DA378FBC17E27F0F45E28BFBDF05DCDBC16F0787F5733DF5CDCEAFA4EB5A934AD610C504DA95D00CA66FDE6B43FF0004E6FDB13F657F8C9F103E207EC03F1BFE1C689E00F89BAA4DA9EB7F0BFE2E69FA8369DA5869EEEF6CF4C0D61A25F45ACD9D8DDEA3A8A69D7517F665F5BDA4C9697125EAABCD27DD1FB28FC31FDB9B40F1A78ABC79FB5EFC7AF0278DECF56F0E41A1F863E15FC32F0DAE99E12F0C5FA6A36F7771E237D5A7D1AC6E6FB5092DADDA111CA973B05CB95B90A4443E8FC40E39C931D4F8CB3DE17C6F0EFD4F8C32FA586A91A93CEFFB6A54DC70F1FAA4B072AD2CBA955C2CE97EEAB468D3A11A54D384DB9B8CFE43C2AF0D788B2EA9E1E70C71AE5FC591CCBC3CCD6BE3694A953E1D5C3CAAF362A5F5E599430D0CD71387C6D3C4BF6D86A989AD8C9E22A3F6D4ED495487E46FECF7F093E1D7C5BFF82D5FED4F07C48F0AE97E31B1F01CFE34F1EF86B4BD6E05BDD26D7C5963A8FC3ED1F4FD5EEF4C981875292DED358BE68239D248A3B8315C84F3A085D38BFDB5FE07FC27D5BFE0B11F007E1DDD781F438FC0FF001387C25D57C77E17B0B54D3746F11DF4DA9F8AACEF66BCB3B058D54DD59F87B4A8AEF60537090B0909691D9BF527E00FEC39F147E15FFC142BF68BFDAD3C41E25F02DEFC3EF8B1A3EBFA7786343D22EF5D9BC5B6F26BBA9F8375157D6AD6EF4486D2D1611E1BBA46F26EEE7CC33C6CA146E0B97F1E7F60CF8A7F14FF00E0A27F01FF006B9D0BC55E03B1F879F0CECFC1B0F88743D56E35F4F17DC49E15BDF165ECCBA45A5A68B2D9DCACE75DB248DA5BC8366C999C1D88B2E943C47CA30FC614F194B8A9D1CBB0BC0B1CBE8CA356B4614F31597C1AA14D457B95D62629A714AD5A29F37324613F0833FC4F03D6C0E2F82162330C778A1FDAD8884E8E1E552B64CF346A58AAADB6E787785724E336DBA126B97D9B3E08FF0082EDFC35F017C36D23F661F885F0F7C23E1EF04F8B34FD7BC4DE1DB7D4FC2FA369BA2EED23C3BA7E8FE20F0EDA5C41616A89709A7EAB6C64B20E08B71773AA00B2B0AFE9374E91E5D3EC65918BC92D9DAC9239EACEF023331F72C49FC6BF2F3FE0A89FB0D7C4FF00DB7FC2BF07BC3DF0CFC4FE06F0CCDE05F16788754D7AE7C6D73AEDBC4FA6EBBA35BE9B1CBA5A689A2DE1BCBA8A584B3C529B75656F966DC315FA8D67035B5A5ADB33066B7B6820665C85668A248CB007A0254E3EB5F91717F10E0736F0D7C2DCB23992C7675924F3C58A849CA5568D3AF8AC3CF0CA7292F86718D49534A4ECAFA2BABFEF5C05C2799645E3178D99D3C9DE5BC3BC494B869E0AA4630851C457C2E0B194F1B2A7083D27094E842AC9C63CCF955E5CAED668A28AFCA4FDC428A28A002BF073FE0B3FFB3AC76B07C1BFDBABC2DE1DFED8D6BF674F1B781E5F8B1A459C48B73E26F85BA6F8D34BD7B4DBA9E45B490B3699E208DE07964FDDC361E29BB9E5CC56A00FDE3AE73C63E12F0EF8FBC27E26F03F8BB4AB5D73C2DE2FD0755F0D788B47BD8927B4D4F45D6AC67D3B52B19E2914878E4B4B8954E471BB23902BEAB82B8A311C1FC4B96E7B453A94B0F270C4524DC7DBE16AA74F1346EB675294A4A32FB153926B58A3E2BC43E0DC2F1E708E6DC37889468D7C4C6357095A5153FAB63B0F38D7C1E25269DFD962214E528DBDFA7CF4DFBB369FE116A1FB4AFF00C1103F6BA947C40F8C5A2F807C1FF102ED2CEFFC449E3FF0BF8B7E1B78C66D4248732DBEB1E25F05F916DE3392370F1BC89A85FC6DE52E5B1B4579F7ED3FFF000573FD94BE06FC06D57F67EFD82B4DB69EFDBC3DACF86F41F11F857C2B3F857E1A7C32B5D57ED0FAA6BDA526B36504DE2CF1434B7F7B716FE45B4B6D35F4E6EAF6F5D83C53FF003D1FB5BFECF3E25FD93BF685F895F02BC422EAE22F086B4D3784B5ABADD9F147C3FD677EA1E0AF11AC9E4C6B34F2E8CF1C17863531A6A5A6DF40A4F926BEB9FF008245FEC9CDFB547ED5DA1DFF008934D379F0ABE068D2FE25F8FF00CF42F65AAEAD6F7CFF00F0AF3C1F2FEF54BFDBBC436335E4E98747B1F0BDD43280B70BBBFB3B13E1AF87993F0FD1E35CCF89737E22E0DC9284331C1E5F8AC72AB82B382961E10A6E946FED5CE14A9536E377354EAB9C5CE32FF39703E3578B9C43C615BC32C9F82321E11F117887155729CCB37C0E5CE8E6292A8D62EB4AA2AB2E574614EA57AD55FB44B925568C69CE34E51FE99BFE093DFB23FF00C32AFECB1E1D3E23D2FEC1F157E2E0B3F889F1116E141BFD285F5922F84BC193C9BDB0349F0F49024E80851A8DF5FC800F32BF4E68A2BF88788B3EC7F1467B9AF1066953DA63F37AD3AD537B4799FBB4E37BDA14E0A34E9ABFBB08C5743FD2EE13E19CAB83386B24E16C968FB0CB322C3D3C3D256579282F7AA4EDA3A9567CD56ACBED549CA4F70A28A2BC53E8428A28A002BE41FDAABF622F827FB64FFC20D0FC6B6F1C5E699E009F59BAD1F44F0D78C2FF00C35A45DDC6BA9610DF5C6AD6B6519379742DB4F4862995E39618AE6E1227513C99FAFA8AF4729CDF33C8B1F4334C9B1F572CCCB0BCDECEBD19BA7569F3C2509724E36945CA12945B4D3B36BA9E567591E4FC479662726CFF002CA39C6538CE4F6B86C4538D5A3579271A905529CD38CD46A42334A49AE68A76D0A9616367A5D8D9699A7DB456761A75A5BD8D8DA4082382D6CED214B7B6B68635E12248634550380140AB74515E7B6E4DCA4EF27AB6F56DBEACF512514A314A318AB24B4492D925D828A28A430A28A2800A28A2800A28A2800A28A2800A28A2800A28A2803F01FF00E0BCFF00B229F89FF0374BFDA8FC1BA43DDF8EFE01DBCD6BE32834FB5F3B50F107C20D5AF237D49BCB8C6FBAB9D0F5A922D4615018A59DE6AA114B48057DBFFF0004B9FD9087EC7DFB29F84FC2BAFD9450FC54F881227C49F8B7380C6583C55AF595A8B1F0C6F791B36FA2787E1D2F4C1B088E49EC6E6E9515AE5EBF4566861B88A482E228A7825431CB0CD1ACB14A8C30C9246E087423A820835257DDE2F8FB3CC5F01E5BC0756AFF00C256031756BA9733E79D3B4654B0F25FF3EA9559D6AC936F9A53A6AD154617FCCF03E1670C607C4FCDFC51A3874B3FCD3034708D72AE484D4A4AB6263AFF001ABD1850A12928C5C614EA7BD2F6F510514515F087E981451450014514500145145001451450014514500145145001451450014514500145145007FFD9, N'Student Support System', N'System.Windows.Forms.ColorDialog,  Color: Color [A=255, R=113, G=192, B=223]', CAST(N'00:00:05' AS Time), 0, 0)
SET IDENTITY_INSERT [dbo].[BRANDING] OFF
SET IDENTITY_INSERT [dbo].[CONSULTATION] ON 

INSERT [dbo].[CONSULTATION] ([consultation_id], [coordinator_id], [tutor_id], [student_id], [consultation_details], [consultation_date], [student_arrived], [consultation_rating]) VALUES (4, 76582, 20001, 10003, N'Having trouble with login into the system', CAST(N'2015-08-20 00:00:00.000' AS DateTime), 1, 4)
INSERT [dbo].[CONSULTATION] ([consultation_id], [coordinator_id], [tutor_id], [student_id], [consultation_details], [consultation_date], [student_arrived], [consultation_rating]) VALUES (9, 76582, 20005, 10003, N'I need help reading books.', CAST(N'2015-11-09 14:00:00.000' AS DateTime), 1, 1)
SET IDENTITY_INSERT [dbo].[CONSULTATION] OFF
SET IDENTITY_INSERT [dbo].[COURSE] ON 

INSERT [dbo].[COURSE] ([course_id], [course_name]) VALUES (1, N'Information Systems')
INSERT [dbo].[COURSE] ([course_id], [course_name]) VALUES (2, N'Computer Science')
INSERT [dbo].[COURSE] ([course_id], [course_name]) VALUES (3, N'Law')
INSERT [dbo].[COURSE] ([course_id], [course_name]) VALUES (4, N'Electrical Engineering')
INSERT [dbo].[COURSE] ([course_id], [course_name]) VALUES (5, N'Macro Economics')
INSERT [dbo].[COURSE] ([course_id], [course_name]) VALUES (6, N'Micro Economics')
INSERT [dbo].[COURSE] ([course_id], [course_name]) VALUES (7, N'Mathematics')
INSERT [dbo].[COURSE] ([course_id], [course_name]) VALUES (8, N'Statistics')
INSERT [dbo].[COURSE] ([course_id], [course_name]) VALUES (9, N'Computational and Applied Mathematics')
INSERT [dbo].[COURSE] ([course_id], [course_name]) VALUES (10, N'Geography')
SET IDENTITY_INSERT [dbo].[COURSE] OFF
INSERT [dbo].[ENROLLMENT] ([course_id], [student_id], [class_mark], [exam_mark], [year_mark]) VALUES (1, 10003, 50, 50, 50)
INSERT [dbo].[ENROLLMENT] ([course_id], [student_id], [class_mark], [exam_mark], [year_mark]) VALUES (1, 10004, 45, 55, 65)
INSERT [dbo].[ENROLLMENT] ([course_id], [student_id], [class_mark], [exam_mark], [year_mark]) VALUES (1, 10005, 32, 44, 67)
INSERT [dbo].[ENROLLMENT] ([course_id], [student_id], [class_mark], [exam_mark], [year_mark]) VALUES (1, 10007, 80, 80, 80)
INSERT [dbo].[ENROLLMENT] ([course_id], [student_id], [class_mark], [exam_mark], [year_mark]) VALUES (1, 10008, 98, 65, 78)
INSERT [dbo].[ENROLLMENT] ([course_id], [student_id], [class_mark], [exam_mark], [year_mark]) VALUES (1, 10009, 66, 66, 66)
INSERT [dbo].[ENROLLMENT] ([course_id], [student_id], [class_mark], [exam_mark], [year_mark]) VALUES (1, 10010, 34, 35, 34.5)
INSERT [dbo].[ENROLLMENT] ([course_id], [student_id], [class_mark], [exam_mark], [year_mark]) VALUES (1, 10013, 33.33, 33.33, 33.33)
INSERT [dbo].[ENROLLMENT] ([course_id], [student_id], [class_mark], [exam_mark], [year_mark]) VALUES (1, 10014, 66, 67, 66.5)
INSERT [dbo].[ENROLLMENT] ([course_id], [student_id], [class_mark], [exam_mark], [year_mark]) VALUES (1, 10022, 76, 77, 76.5)
INSERT [dbo].[ENROLLMENT] ([course_id], [student_id], [class_mark], [exam_mark], [year_mark]) VALUES (1, 10023, 87, 82, 84)
INSERT [dbo].[ENROLLMENT] ([course_id], [student_id], [class_mark], [exam_mark], [year_mark]) VALUES (1, 10024, 83, 82, 83.4)
INSERT [dbo].[ENROLLMENT] ([course_id], [student_id], [class_mark], [exam_mark], [year_mark]) VALUES (1, 10026, 72, 72, 72)
INSERT [dbo].[ENROLLMENT] ([course_id], [student_id], [class_mark], [exam_mark], [year_mark]) VALUES (1, 10027, 74.5, 74.5, 74.5)
INSERT [dbo].[ENROLLMENT] ([course_id], [student_id], [class_mark], [exam_mark], [year_mark]) VALUES (1, 10028, 73.3, 73.3, 73.3)
INSERT [dbo].[ENROLLMENT] ([course_id], [student_id], [class_mark], [exam_mark], [year_mark]) VALUES (1, 10029, 67.8, 67.8, 67.8)
INSERT [dbo].[ENROLLMENT] ([course_id], [student_id], [class_mark], [exam_mark], [year_mark]) VALUES (1, 10032, 64.7, 64.7, 64.7)
INSERT [dbo].[ENROLLMENT] ([course_id], [student_id], [class_mark], [exam_mark], [year_mark]) VALUES (1, 10033, 68, 68, 68)
INSERT [dbo].[ENROLLMENT] ([course_id], [student_id], [class_mark], [exam_mark], [year_mark]) VALUES (1, 10034, 72, 76, 75)
INSERT [dbo].[ENROLLMENT] ([course_id], [student_id], [class_mark], [exam_mark], [year_mark]) VALUES (1, 10035, 77, 78, 77)
INSERT [dbo].[ENROLLMENT] ([course_id], [student_id], [class_mark], [exam_mark], [year_mark]) VALUES (2, 10003, 87, 72, 78)
INSERT [dbo].[ENROLLMENT] ([course_id], [student_id], [class_mark], [exam_mark], [year_mark]) VALUES (2, 10004, 56, 56, 56)
INSERT [dbo].[ENROLLMENT] ([course_id], [student_id], [class_mark], [exam_mark], [year_mark]) VALUES (2, 10032, 82, 82, 82)
SET IDENTITY_INSERT [dbo].[GROUP] ON 

INSERT [dbo].[GROUP] ([group_id], [group_name], [group_day], [group_time]) VALUES (1, N'Group 1', N'Monday', CAST(N'14:00:00' AS Time))
INSERT [dbo].[GROUP] ([group_id], [group_name], [group_day], [group_time]) VALUES (2, N'Group 2', N'Tuesday', CAST(N'08:00:00' AS Time))
INSERT [dbo].[GROUP] ([group_id], [group_name], [group_day], [group_time]) VALUES (3, N'Group 3', N'Wednesday', CAST(N'08:00:00' AS Time))
INSERT [dbo].[GROUP] ([group_id], [group_name], [group_day], [group_time]) VALUES (4, N'Group 4', N'Thursday', CAST(N'14:00:00' AS Time))
SET IDENTITY_INSERT [dbo].[GROUP] OFF
INSERT [dbo].[SESSION] ([tutor_id], [group_id], [updated_attendance]) VALUES (20001, 1, 1)
INSERT [dbo].[SESSION] ([tutor_id], [group_id], [updated_attendance]) VALUES (20001, 2, 0)
INSERT [dbo].[SESSION] ([tutor_id], [group_id], [updated_attendance]) VALUES (20010, 3, 0)
INSERT [dbo].[SESSION] ([tutor_id], [group_id], [updated_attendance]) VALUES (20010, 4, 1)
INSERT [dbo].[SSS_COORDINATOR] ([coordinator_id], [coordinator_firstname], [coordinator_lastname], [coordinator_id_passport], [coordinator_dateofbirth], [coordinator_emailaddress], [coordinator_cellnumber]) VALUES (69857, N'Sam', N'Gap', N'3253654678766', CAST(N'1958-01-02 00:00:00.000' AS DateTime), N'Sam.Gap@sss.com', N'(071)667 6778')
INSERT [dbo].[SSS_COORDINATOR] ([coordinator_id], [coordinator_firstname], [coordinator_lastname], [coordinator_id_passport], [coordinator_dateofbirth], [coordinator_emailaddress], [coordinator_cellnumber]) VALUES (76582, N'Charles', N'Peters', N'8990060656183', CAST(N'1989-06-13 00:00:00.000' AS DateTime), N'Charles.Peters@sss.com', N'(071)567 2854')
INSERT [dbo].[SSS_COORDINATOR] ([coordinator_id], [coordinator_firstname], [coordinator_lastname], [coordinator_id_passport], [coordinator_dateofbirth], [coordinator_emailaddress], [coordinator_cellnumber]) VALUES (76589, N'Zuko', N'Singhdee', N'2103313207185', CAST(N'1968-05-05 00:00:00.000' AS DateTime), N'Zuko.Singhdee@sss.com', N'(073)555 5555')
INSERT [dbo].[STUDENT] ([student_id], [coordinator_id], [group_id], [student_firstname], [student_lastname], [student_id_passport], [student_dateofbirth], [student_emailaddress], [student_mobilenumber], [student_yearofstudy], [student_degreeprogramme], [student_status], [student_points]) VALUES (10003, 76582, NULL, N'Jill', N'Hill', N'9415362161183', CAST(N'1994-07-12 00:00:00.000' AS DateTime), N'Jill.Hill@sss.com', N'(084)228 2135', 1, N'SB000', N'BLUE', 60)
INSERT [dbo].[STUDENT] ([student_id], [coordinator_id], [group_id], [student_firstname], [student_lastname], [student_id_passport], [student_dateofbirth], [student_emailaddress], [student_mobilenumber], [student_yearofstudy], [student_degreeprogramme], [student_status], [student_points]) VALUES (10004, 76582, 1, N'Nathan', N'De Beer', N'0005050797181', CAST(N'1995-06-06 00:00:00.000' AS DateTime), N'Nathan.De.Beer@sss.com', N'(072)569 4585', 1, N'SB000', N'BRONZE', 130)
INSERT [dbo].[STUDENT] ([student_id], [coordinator_id], [group_id], [student_firstname], [student_lastname], [student_id_passport], [student_dateofbirth], [student_emailaddress], [student_mobilenumber], [student_yearofstudy], [student_degreeprogramme], [student_status], [student_points]) VALUES (10005, 76582, 1, N'Anne', N'Hunt', N'3212233008182', CAST(N'1996-09-09 00:00:00.000' AS DateTime), N'Anne.Hunt@sss.com', N'(081)235 2213', 1, N'ACSCI', N'BLUE', 50)
INSERT [dbo].[STUDENT] ([student_id], [coordinator_id], [group_id], [student_firstname], [student_lastname], [student_id_passport], [student_dateofbirth], [student_emailaddress], [student_mobilenumber], [student_yearofstudy], [student_degreeprogramme], [student_status], [student_points]) VALUES (10007, 76582, 1, N'Nadine', N'Steps', N'3212211318181', CAST(N'1995-08-16 00:00:00.000' AS DateTime), N'Nadine.Steps@sss.com', N'(084)228 2135', 1, N'ACSCI', N'BLUE', 70)
INSERT [dbo].[STUDENT] ([student_id], [coordinator_id], [group_id], [student_firstname], [student_lastname], [student_id_passport], [student_dateofbirth], [student_emailaddress], [student_mobilenumber], [student_yearofstudy], [student_degreeprogramme], [student_status], [student_points]) VALUES (10008, 76582, 2, N'Dan', N'Patterson', N'9890060656183', CAST(N'1994-03-02 00:00:00.000' AS DateTime), N'Dan.Patterson@sss.com', N'(071)789 2567', 2, N'ACSCI', N'SILVER', 150)
INSERT [dbo].[STUDENT] ([student_id], [coordinator_id], [group_id], [student_firstname], [student_lastname], [student_id_passport], [student_dateofbirth], [student_emailaddress], [student_mobilenumber], [student_yearofstudy], [student_degreeprogramme], [student_status], [student_points]) VALUES (10009, 76582, 2, N'Harry', N'Key', N'0105060144182', CAST(N'1995-08-08 00:00:00.000' AS DateTime), N'Harry.Key@sss.com', N'(071)549 5634', 2, N'ACSCI', N'BRONZE', 100)
INSERT [dbo].[STUDENT] ([student_id], [coordinator_id], [group_id], [student_firstname], [student_lastname], [student_id_passport], [student_dateofbirth], [student_emailaddress], [student_mobilenumber], [student_yearofstudy], [student_degreeprogramme], [student_status], [student_points]) VALUES (10010, 76582, 2, N'Hermione', N'Jilly', N'1302024907189', CAST(N'1995-06-07 00:00:00.000' AS DateTime), N'Hermione.Jilly@sss.com', N'(083)556 1566', 2, N'ACSCI', N'BRONZE', 120)
INSERT [dbo].[STUDENT] ([student_id], [coordinator_id], [group_id], [student_firstname], [student_lastname], [student_id_passport], [student_dateofbirth], [student_emailaddress], [student_mobilenumber], [student_yearofstudy], [student_degreeprogramme], [student_status], [student_points]) VALUES (10013, 76582, 3, N'Savannah', N'Price', N'4604060443186', CAST(N'1995-10-21 00:00:00.000' AS DateTime), N'Savannah.Price@sss.com', N'(065)456 2870', 3, N'ACSCI', N'SILVER', 150)
INSERT [dbo].[STUDENT] ([student_id], [coordinator_id], [group_id], [student_firstname], [student_lastname], [student_id_passport], [student_dateofbirth], [student_emailaddress], [student_mobilenumber], [student_yearofstudy], [student_degreeprogramme], [student_status], [student_points]) VALUES (10014, 76582, 3, N'Prakesh', N'Naidoo', N'0005050797181', CAST(N'1995-07-14 00:00:00.000' AS DateTime), N'Prakesh.Naidoo@sss.com', N'(071)213 1465', 1, N'ACSCI', N'SILVER', 160)
INSERT [dbo].[STUDENT] ([student_id], [coordinator_id], [group_id], [student_firstname], [student_lastname], [student_id_passport], [student_dateofbirth], [student_emailaddress], [student_mobilenumber], [student_yearofstudy], [student_degreeprogramme], [student_status], [student_points]) VALUES (10022, 76582, 3, N'Dane', N'Smith', N'5408311677181', CAST(N'1996-09-30 00:00:00.000' AS DateTime), N'Dane.Smith@sss.com', N'(073)851 1354', 1, N'ACSCI', N'GOLD', 180)
INSERT [dbo].[STUDENT] ([student_id], [coordinator_id], [group_id], [student_firstname], [student_lastname], [student_id_passport], [student_dateofbirth], [student_emailaddress], [student_mobilenumber], [student_yearofstudy], [student_degreeprogramme], [student_status], [student_points]) VALUES (10023, 76582, 4, N'Shane', N'Potter', N'1203214646183', CAST(N'1995-03-02 00:00:00.000' AS DateTime), N'Shane.Potter@sss.com', N'(073)148 1234', 1, N'ACSCI', N'BRONZE', 100)
INSERT [dbo].[STUDENT] ([student_id], [coordinator_id], [group_id], [student_firstname], [student_lastname], [student_id_passport], [student_dateofbirth], [student_emailaddress], [student_mobilenumber], [student_yearofstudy], [student_degreeprogramme], [student_status], [student_points]) VALUES (10024, 76582, 4, N'Amir', N'Cohen', N'4604060443186', CAST(N'1995-04-04 00:00:00.000' AS DateTime), N'Amir.Cohen@sss.com', N'(084)254 2548', 1, N'ACSCI', N'SILVER', 150)
INSERT [dbo].[STUDENT] ([student_id], [coordinator_id], [group_id], [student_firstname], [student_lastname], [student_id_passport], [student_dateofbirth], [student_emailaddress], [student_mobilenumber], [student_yearofstudy], [student_degreeprogramme], [student_status], [student_points]) VALUES (10026, 76582, 4, N'Abe', N'Jameson', N'5555510501187', CAST(N'1995-01-01 00:00:00.000' AS DateTime), N'Abe.Jameson@sss.com', N'(084)228 2135', 1, N'ACSCI', N'BRONZE', 100)
INSERT [dbo].[STUDENT] ([student_id], [coordinator_id], [group_id], [student_firstname], [student_lastname], [student_id_passport], [student_dateofbirth], [student_emailaddress], [student_mobilenumber], [student_yearofstudy], [student_degreeprogramme], [student_status], [student_points]) VALUES (10027, 76582, 4, N'Gera', N'Feld', N'2103313207185', CAST(N'1995-01-10 00:00:00.000' AS DateTime), N'Gera.Feld@sss.com', N'(071)774 3259', 1, N'ACSCI', N'SILVER', 160)
INSERT [dbo].[STUDENT] ([student_id], [coordinator_id], [group_id], [student_firstname], [student_lastname], [student_id_passport], [student_dateofbirth], [student_emailaddress], [student_mobilenumber], [student_yearofstudy], [student_degreeprogramme], [student_status], [student_points]) VALUES (10028, 76582, 3, N'Uriel', N'Ruiz', N'2103212427181', CAST(N'1995-04-06 00:00:00.000' AS DateTime), N'Uriel.Ruiz@sss.com', N'(084)228 2135', 1, N'ACSCI', N'SILVER', 150)
INSERT [dbo].[STUDENT] ([student_id], [coordinator_id], [group_id], [student_firstname], [student_lastname], [student_id_passport], [student_dateofbirth], [student_emailaddress], [student_mobilenumber], [student_yearofstudy], [student_degreeprogramme], [student_status], [student_points]) VALUES (10029, 76582, 2, N'Leon', N'Holmes', N'2203033540186', CAST(N'1997-09-09 00:00:00.000' AS DateTime), N'Leon.Holmes@sss.com', N'(084)285 5465', 1, N'ACSCI', N'SILVER', 150)
INSERT [dbo].[STUDENT] ([student_id], [coordinator_id], [group_id], [student_firstname], [student_lastname], [student_id_passport], [student_dateofbirth], [student_emailaddress], [student_mobilenumber], [student_yearofstudy], [student_degreeprogramme], [student_status], [student_points]) VALUES (10032, 76582, 1, N'Andreas', N'Watson', N'9890060656183', CAST(N'1995-08-06 00:00:00.000' AS DateTime), N'Andreas.Watson@sss.com', N'(083)556 1566', 1, N'SB000', N'SILVER', 160)
INSERT [dbo].[STUDENT] ([student_id], [coordinator_id], [group_id], [student_firstname], [student_lastname], [student_id_passport], [student_dateofbirth], [student_emailaddress], [student_mobilenumber], [student_yearofstudy], [student_degreeprogramme], [student_status], [student_points]) VALUES (10033, 76582, NULL, N'Yair', N'Levin', N'3303033626180', CAST(N'1995-11-11 00:00:00.000' AS DateTime), N'Yair.Levin@sss.com', N'(071)789 2567', 1, N'ACSCI', N'WHITE', 15)
INSERT [dbo].[STUDENT] ([student_id], [coordinator_id], [group_id], [student_firstname], [student_lastname], [student_id_passport], [student_dateofbirth], [student_emailaddress], [student_mobilenumber], [student_yearofstudy], [student_degreeprogramme], [student_status], [student_points]) VALUES (10034, 76582, NULL, N'Nevil', N'Anderson', N'2103212427181', CAST(N'1995-09-17 00:00:00.000' AS DateTime), N'Nevil.Anderson@sss.com', N'(084)333 4568', 2, N'ACSCI', N'WHITE', 10)
INSERT [dbo].[STUDENT] ([student_id], [coordinator_id], [group_id], [student_firstname], [student_lastname], [student_id_passport], [student_dateofbirth], [student_emailaddress], [student_mobilenumber], [student_yearofstudy], [student_degreeprogramme], [student_status], [student_points]) VALUES (10035, 76582, NULL, N'Jonny', N'Cave', N'9405366364086', CAST(N'1995-11-18 00:00:00.000' AS DateTime), N'Jonny.Cave@sss.com', N'(071)774 3259', 2, N'ACSCI', N'WHITE', 20)
INSERT [dbo].[STUDENT] ([student_id], [coordinator_id], [group_id], [student_firstname], [student_lastname], [student_id_passport], [student_dateofbirth], [student_emailaddress], [student_mobilenumber], [student_yearofstudy], [student_degreeprogramme], [student_status], [student_points]) VALUES (10036, 76582, 1, N'Blair', N'Kettle', N'5987442615111', CAST(N'1995-03-01 00:00:00.000' AS DateTime), N'Blair.Kettle@sss.com', N'(083)226 6333', 2, N'ACSCI', N'WHITE', 30)
INSERT [dbo].[STUDENT] ([student_id], [coordinator_id], [group_id], [student_firstname], [student_lastname], [student_id_passport], [student_dateofbirth], [student_emailaddress], [student_mobilenumber], [student_yearofstudy], [student_degreeprogramme], [student_status], [student_points]) VALUES (10037, 76582, 2, N'Daniel', N'Johnson', N'9401202200355', CAST(N'1994-03-01 16:21:58.000' AS DateTime), N'danieljohnson@sss.com', N'(085)545 4243', 2, N'BSc', N'WHITE', 25)
INSERT [dbo].[STUDENT] ([student_id], [coordinator_id], [group_id], [student_firstname], [student_lastname], [student_id_passport], [student_dateofbirth], [student_emailaddress], [student_mobilenumber], [student_yearofstudy], [student_degreeprogramme], [student_status], [student_points]) VALUES (10038, 76582, 4, N'Pete ', N'Jackson', N'9302144455672', CAST(N'1993-01-09 00:00:00.000' AS DateTime), N'petejackson@sss.com', N'(086)548 4545', 1, N'Bcom', N'WHITE', 5)
INSERT [dbo].[STUDENT] ([student_id], [coordinator_id], [group_id], [student_firstname], [student_lastname], [student_id_passport], [student_dateofbirth], [student_emailaddress], [student_mobilenumber], [student_yearofstudy], [student_degreeprogramme], [student_status], [student_points]) VALUES (10039, 76582, 3, N'Daisy', N'Blue', N'9213421134325', CAST(N'1992-04-03 00:00:00.000' AS DateTime), N'DaisyBlue@sss.com', N'(076)548 9222', 1, N'Bcom', N'WHITE', 30)
SET IDENTITY_INSERT [dbo].[STUDENT_ACTIVITY] ON 

INSERT [dbo].[STUDENT_ACTIVITY] ([student_activity_id], [student_activity_name], [student_activity_pointvalue], [student_activity_week], [student_activity_description]) VALUES (1, N'Reading-Level Test', 10, 1, N'This evaluates students reading competencies.')
INSERT [dbo].[STUDENT_ACTIVITY] ([student_activity_id], [student_activity_name], [student_activity_pointvalue], [student_activity_week], [student_activity_description]) VALUES (2, N'Time Management Workshop', 10, 2, N'This teaches students time management techniques.')
INSERT [dbo].[STUDENT_ACTIVITY] ([student_activity_id], [student_activity_name], [student_activity_pointvalue], [student_activity_week], [student_activity_description]) VALUES (3, N'Study Skills Workshop', 10, 3, N'This teaches different methods of studying.')
INSERT [dbo].[STUDENT_ACTIVITY] ([student_activity_id], [student_activity_name], [student_activity_pointvalue], [student_activity_week], [student_activity_description]) VALUES (4, N'Note Taking Strategies Workshop', 10, 4, N'This teaches students different ways to take notes.')
INSERT [dbo].[STUDENT_ACTIVITY] ([student_activity_id], [student_activity_name], [student_activity_pointvalue], [student_activity_week], [student_activity_description]) VALUES (5, N'Test Taking Strategies Workshop', 10, 5, N'This teaches students different ways to take and cope with tests and exams.')
INSERT [dbo].[STUDENT_ACTIVITY] ([student_activity_id], [student_activity_name], [student_activity_pointvalue], [student_activity_week], [student_activity_description]) VALUES (6, N'Block 1 Reflection Quiz', 10, 7, N'This tests students on all the activites in block 1.')
INSERT [dbo].[STUDENT_ACTIVITY] ([student_activity_id], [student_activity_name], [student_activity_pointvalue], [student_activity_week], [student_activity_description]) VALUES (7, N'Reflection and Motivation Workshop ', 10, 8, N'Teaches students how to reflect on ones goals and how to remain motivated.')
INSERT [dbo].[STUDENT_ACTIVITY] ([student_activity_id], [student_activity_name], [student_activity_pointvalue], [student_activity_week], [student_activity_description]) VALUES (8, N'Learning from Mistakes Workshop', 10, 9, N'This teaches students that everyone makes misakes.')
INSERT [dbo].[STUDENT_ACTIVITY] ([student_activity_id], [student_activity_name], [student_activity_pointvalue], [student_activity_week], [student_activity_description]) VALUES (9, N'Examination Study Planning Workshop', 10, 12, N'This teaches students about how to plan for examinations.')
INSERT [dbo].[STUDENT_ACTIVITY] ([student_activity_id], [student_activity_name], [student_activity_pointvalue], [student_activity_week], [student_activity_description]) VALUES (10, N'Block 2 Reflection Quiz ', 10, 13, N'This is a quiz testing general knowledge learnt in block 2.')
SET IDENTITY_INSERT [dbo].[STUDENT_ACTIVITY] OFF
INSERT [dbo].[TUTOR] ([tutor_id], [tutor_firstname], [tutor_lastname], [tutor_id_passport], [tutor_dateofbirth], [tutor_emailaddress], [tutor_cellnumber], [tutor_trainingstatus], [coordinator_id]) VALUES (20001, N'Susan', N'Kotzen', N'9415362161183', CAST(N'1993-07-12 00:00:00.000' AS DateTime), N'Susan.Kotzen@sss.com', N'(071)549 5634', 1, 76582)
INSERT [dbo].[TUTOR] ([tutor_id], [tutor_firstname], [tutor_lastname], [tutor_id_passport], [tutor_dateofbirth], [tutor_emailaddress], [tutor_cellnumber], [tutor_trainingstatus], [coordinator_id]) VALUES (20002, N'Nathan', N'De Beer', N'9405366364086', CAST(N'1995-08-08 00:00:00.000' AS DateTime), N'Nathan.De Beer@sss.com', N'(084)333 4568', 1, 76582)
INSERT [dbo].[TUTOR] ([tutor_id], [tutor_firstname], [tutor_lastname], [tutor_id_passport], [tutor_dateofbirth], [tutor_emailaddress], [tutor_cellnumber], [tutor_trainingstatus], [coordinator_id]) VALUES (20003, N'Anne', N'Junt', N'1905052659181', CAST(N'1991-01-05 00:00:00.000' AS DateTime), N'Anne.Junt@sss.com', N'(065)456 2870', 1, 76582)
INSERT [dbo].[TUTOR] ([tutor_id], [tutor_firstname], [tutor_lastname], [tutor_id_passport], [tutor_dateofbirth], [tutor_emailaddress], [tutor_cellnumber], [tutor_trainingstatus], [coordinator_id]) VALUES (20004, N'Nadine', N'Steps', N'0105060144182', CAST(N'1988-05-06 00:00:00.000' AS DateTime), N'Nadine.Steps@sss.com', N'(073)851 1354', 1, 76582)
INSERT [dbo].[TUTOR] ([tutor_id], [tutor_firstname], [tutor_lastname], [tutor_id_passport], [tutor_dateofbirth], [tutor_emailaddress], [tutor_cellnumber], [tutor_trainingstatus], [coordinator_id]) VALUES (20005, N'Dan', N'Patterson', N'0005050797181', CAST(N'1987-06-06 00:00:00.000' AS DateTime), N'Dan.Patterson@sss.com', N'(084)685 2969', 1, 76582)
INSERT [dbo].[TUTOR] ([tutor_id], [tutor_firstname], [tutor_lastname], [tutor_id_passport], [tutor_dateofbirth], [tutor_emailaddress], [tutor_cellnumber], [tutor_trainingstatus], [coordinator_id]) VALUES (20006, N'Harry', N'Key', N'1302024907189', CAST(N'1994-07-12 00:00:00.000' AS DateTime), N'Harry.Key@sss.com', N'(072)932 4235', 1, 76582)
INSERT [dbo].[TUTOR] ([tutor_id], [tutor_firstname], [tutor_lastname], [tutor_id_passport], [tutor_dateofbirth], [tutor_emailaddress], [tutor_cellnumber], [tutor_trainingstatus], [coordinator_id]) VALUES (20007, N'Hermione', N'Jilly', N'2103030745186', CAST(N'1969-12-30 00:00:00.000' AS DateTime), N'Hermione.Jilly@sss.com', N'(083)445 1245', 1, 76582)
INSERT [dbo].[TUTOR] ([tutor_id], [tutor_firstname], [tutor_lastname], [tutor_id_passport], [tutor_dateofbirth], [tutor_emailaddress], [tutor_cellnumber], [tutor_trainingstatus], [coordinator_id]) VALUES (20008, N'Savannah', N'Price', N'3212233008182', CAST(N'1992-03-05 00:00:00.000' AS DateTime), N'Savannah.Price@sss.com', N'(071)774 3259', 1, 76582)
INSERT [dbo].[TUTOR] ([tutor_id], [tutor_firstname], [tutor_lastname], [tutor_id_passport], [tutor_dateofbirth], [tutor_emailaddress], [tutor_cellnumber], [tutor_trainingstatus], [coordinator_id]) VALUES (20009, N'Prakesh', N'Naidoo', N'2103212427181', CAST(N'1993-08-25 00:00:00.000' AS DateTime), N'Prakesh.Naidoo@sss.com', N'(083)556 1566', 1, 76582)
INSERT [dbo].[TUTOR] ([tutor_id], [tutor_firstname], [tutor_lastname], [tutor_id_passport], [tutor_dateofbirth], [tutor_emailaddress], [tutor_cellnumber], [tutor_trainingstatus], [coordinator_id]) VALUES (20010, N'Darryn', N'Spouse', N'2103313207185', CAST(N'1992-02-29 00:00:00.000' AS DateTime), N'Darryn.Spouse@sss.com', N'(084)228 2135', 0, 76582)
INSERT [dbo].[TUTOR] ([tutor_id], [tutor_firstname], [tutor_lastname], [tutor_id_passport], [tutor_dateofbirth], [tutor_emailaddress], [tutor_cellnumber], [tutor_trainingstatus], [coordinator_id]) VALUES (20011, N'Catherine', N'Jennings', N'3212211318181', CAST(N'1995-03-08 00:00:00.000' AS DateTime), N'Catherine.Jennings@sss.com', N'(083)267 1546', 0, 76582)
INSERT [dbo].[TUTOR] ([tutor_id], [tutor_firstname], [tutor_lastname], [tutor_id_passport], [tutor_dateofbirth], [tutor_emailaddress], [tutor_cellnumber], [tutor_trainingstatus], [coordinator_id]) VALUES (20012, N'James', N'Door', N'4604060443186', CAST(N'1994-01-10 00:00:00.000' AS DateTime), N'James.Door@sss.com', N'(071)213 1465', 0, 76582)
INSERT [dbo].[TUTOR] ([tutor_id], [tutor_firstname], [tutor_lastname], [tutor_id_passport], [tutor_dateofbirth], [tutor_emailaddress], [tutor_cellnumber], [tutor_trainingstatus], [coordinator_id]) VALUES (20013, N'Keith', N'Gate', N'9890060656183', CAST(N'1994-06-03 00:00:00.000' AS DateTime), N'Keith.Gate@sss.com', N'(072)569 4585', 0, 76582)
INSERT [dbo].[TUTOR] ([tutor_id], [tutor_firstname], [tutor_lastname], [tutor_id_passport], [tutor_dateofbirth], [tutor_emailaddress], [tutor_cellnumber], [tutor_trainingstatus], [coordinator_id]) VALUES (20014, N'Tom', N'Van De Merwe', N'9868230899180', CAST(N'1994-08-08 00:00:00.000' AS DateTime), N'Tom.Van De Merwe@sss.com', N'(084)285 5465', 0, 76582)
INSERT [dbo].[TUTOR] ([tutor_id], [tutor_firstname], [tutor_lastname], [tutor_id_passport], [tutor_dateofbirth], [tutor_emailaddress], [tutor_cellnumber], [tutor_trainingstatus], [coordinator_id]) VALUES (20015, N'Jack', N'Black', N'1203214646183', CAST(N'1994-09-04 00:00:00.000' AS DateTime), N'Jack.Black@sss.com', N'(073)148 1234', 0, 76582)
INSERT [dbo].[TUTOR] ([tutor_id], [tutor_firstname], [tutor_lastname], [tutor_id_passport], [tutor_dateofbirth], [tutor_emailaddress], [tutor_cellnumber], [tutor_trainingstatus], [coordinator_id]) VALUES (20016, N'Tato', N'Muda', N'2203033540186', CAST(N'1994-03-07 00:00:00.000' AS DateTime), N'Tato.Muda@sss.com', N'(081)235 2213', 0, 76582)
INSERT [dbo].[TUTOR] ([tutor_id], [tutor_firstname], [tutor_lastname], [tutor_id_passport], [tutor_dateofbirth], [tutor_emailaddress], [tutor_cellnumber], [tutor_trainingstatus], [coordinator_id]) VALUES (20017, N'Sarah', N'Jackson', N'5555510501187', CAST(N'1992-06-22 00:00:00.000' AS DateTime), N'Sarah.Jackson@sss.com', N'(072)241 2356', 0, 76582)
INSERT [dbo].[TUTOR] ([tutor_id], [tutor_firstname], [tutor_lastname], [tutor_id_passport], [tutor_dateofbirth], [tutor_emailaddress], [tutor_cellnumber], [tutor_trainingstatus], [coordinator_id]) VALUES (20018, N'Jones', N'Johnson', N'3303033626180', CAST(N'1993-01-14 00:00:00.000' AS DateTime), N'Jones.Johnson@sss.com', N'(083)856 2354', 0, 76582)
INSERT [dbo].[TUTOR] ([tutor_id], [tutor_firstname], [tutor_lastname], [tutor_id_passport], [tutor_dateofbirth], [tutor_emailaddress], [tutor_cellnumber], [tutor_trainingstatus], [coordinator_id]) VALUES (20019, N'Susan', N'Stuart', N'5408311677181', CAST(N'1994-07-12 00:00:00.000' AS DateTime), N'Susan.Stuart@sss.com', N'(084)254 2548', 0, 76582)
INSERT [dbo].[TUTOR] ([tutor_id], [tutor_firstname], [tutor_lastname], [tutor_id_passport], [tutor_dateofbirth], [tutor_emailaddress], [tutor_cellnumber], [tutor_trainingstatus], [coordinator_id]) VALUES (20020, N'Zoe', N'Caplin', N'3203133010188', CAST(N'1992-01-01 00:00:00.000' AS DateTime), N'Zoe.Caplin@sss.com ', N'(071)789 2567', 0, 76582)
SET IDENTITY_INSERT [dbo].[TUTOR_AVAILABLE_TIMES] ON 

INSERT [dbo].[TUTOR_AVAILABLE_TIMES] ([tutor_time_id], [tutor_id], [available_day], [available_time], [date_free], [booked]) VALUES (1, 20001, N'Wednesday', CAST(N'14:00:00' AS Time), CAST(N'2015-10-21 14:00:00.000' AS DateTime), 0)
INSERT [dbo].[TUTOR_AVAILABLE_TIMES] ([tutor_time_id], [tutor_id], [available_day], [available_time], [date_free], [booked]) VALUES (2, 20001, N'Wednesday', CAST(N'14:00:00' AS Time), CAST(N'2015-10-28 14:00:00.000' AS DateTime), 0)
INSERT [dbo].[TUTOR_AVAILABLE_TIMES] ([tutor_time_id], [tutor_id], [available_day], [available_time], [date_free], [booked]) VALUES (3, 20001, N'Wednesday', CAST(N'14:00:00' AS Time), CAST(N'2015-11-04 14:00:00.000' AS DateTime), 0)
INSERT [dbo].[TUTOR_AVAILABLE_TIMES] ([tutor_time_id], [tutor_id], [available_day], [available_time], [date_free], [booked]) VALUES (4, 20001, N'Wednesday', CAST(N'14:00:00' AS Time), CAST(N'2015-11-11 14:00:00.000' AS DateTime), 0)
INSERT [dbo].[TUTOR_AVAILABLE_TIMES] ([tutor_time_id], [tutor_id], [available_day], [available_time], [date_free], [booked]) VALUES (5, 20001, N'Wednesday', CAST(N'14:00:00' AS Time), CAST(N'2015-11-18 14:00:00.000' AS DateTime), 0)
INSERT [dbo].[TUTOR_AVAILABLE_TIMES] ([tutor_time_id], [tutor_id], [available_day], [available_time], [date_free], [booked]) VALUES (6, 20002, N'Monday', CAST(N'14:00:00' AS Time), CAST(N'2015-10-19 14:00:00.000' AS DateTime), 0)
INSERT [dbo].[TUTOR_AVAILABLE_TIMES] ([tutor_time_id], [tutor_id], [available_day], [available_time], [date_free], [booked]) VALUES (7, 20002, N'Monday', CAST(N'14:00:00' AS Time), CAST(N'2015-10-26 14:00:00.000' AS DateTime), 0)
INSERT [dbo].[TUTOR_AVAILABLE_TIMES] ([tutor_time_id], [tutor_id], [available_day], [available_time], [date_free], [booked]) VALUES (8, 20002, N'Monday', CAST(N'14:00:00' AS Time), CAST(N'2015-11-02 14:00:00.000' AS DateTime), 0)
INSERT [dbo].[TUTOR_AVAILABLE_TIMES] ([tutor_time_id], [tutor_id], [available_day], [available_time], [date_free], [booked]) VALUES (9, 20002, N'Monday', CAST(N'14:00:00' AS Time), CAST(N'2015-11-09 14:00:00.000' AS DateTime), 0)
INSERT [dbo].[TUTOR_AVAILABLE_TIMES] ([tutor_time_id], [tutor_id], [available_day], [available_time], [date_free], [booked]) VALUES (10, 20002, N'Monday', CAST(N'14:00:00' AS Time), CAST(N'2015-11-16 14:00:00.000' AS DateTime), 0)
INSERT [dbo].[TUTOR_AVAILABLE_TIMES] ([tutor_time_id], [tutor_id], [available_day], [available_time], [date_free], [booked]) VALUES (11, 20002, N'Monday', CAST(N'14:00:00' AS Time), CAST(N'2015-11-23 14:00:00.000' AS DateTime), 0)
INSERT [dbo].[TUTOR_AVAILABLE_TIMES] ([tutor_time_id], [tutor_id], [available_day], [available_time], [date_free], [booked]) VALUES (12, 20003, N'Tuesday', CAST(N'14:00:00' AS Time), CAST(N'2015-10-20 14:00:00.000' AS DateTime), 0)
INSERT [dbo].[TUTOR_AVAILABLE_TIMES] ([tutor_time_id], [tutor_id], [available_day], [available_time], [date_free], [booked]) VALUES (13, 20003, N'Tuesday', CAST(N'14:00:00' AS Time), CAST(N'2015-10-27 14:00:00.000' AS DateTime), 0)
INSERT [dbo].[TUTOR_AVAILABLE_TIMES] ([tutor_time_id], [tutor_id], [available_day], [available_time], [date_free], [booked]) VALUES (14, 20003, N'Tuesday', CAST(N'14:00:00' AS Time), CAST(N'2015-11-03 14:00:00.000' AS DateTime), 0)
INSERT [dbo].[TUTOR_AVAILABLE_TIMES] ([tutor_time_id], [tutor_id], [available_day], [available_time], [date_free], [booked]) VALUES (15, 20003, N'Tuesday', CAST(N'14:00:00' AS Time), CAST(N'2015-11-10 14:00:00.000' AS DateTime), 0)
INSERT [dbo].[TUTOR_AVAILABLE_TIMES] ([tutor_time_id], [tutor_id], [available_day], [available_time], [date_free], [booked]) VALUES (16, 20003, N'Tuesday', CAST(N'14:00:00' AS Time), CAST(N'2015-11-17 14:00:00.000' AS DateTime), 0)
INSERT [dbo].[TUTOR_AVAILABLE_TIMES] ([tutor_time_id], [tutor_id], [available_day], [available_time], [date_free], [booked]) VALUES (17, 20003, N'Tuesday', CAST(N'14:00:00' AS Time), CAST(N'2015-11-24 14:00:00.000' AS DateTime), 0)
INSERT [dbo].[TUTOR_AVAILABLE_TIMES] ([tutor_time_id], [tutor_id], [available_day], [available_time], [date_free], [booked]) VALUES (18, 20004, N'Monday', CAST(N'14:00:00' AS Time), CAST(N'2015-10-19 14:00:00.000' AS DateTime), 0)
INSERT [dbo].[TUTOR_AVAILABLE_TIMES] ([tutor_time_id], [tutor_id], [available_day], [available_time], [date_free], [booked]) VALUES (19, 20004, N'Monday', CAST(N'14:00:00' AS Time), CAST(N'2015-10-26 14:00:00.000' AS DateTime), 0)
INSERT [dbo].[TUTOR_AVAILABLE_TIMES] ([tutor_time_id], [tutor_id], [available_day], [available_time], [date_free], [booked]) VALUES (20, 20004, N'Monday', CAST(N'14:00:00' AS Time), CAST(N'2015-11-02 14:00:00.000' AS DateTime), 0)
INSERT [dbo].[TUTOR_AVAILABLE_TIMES] ([tutor_time_id], [tutor_id], [available_day], [available_time], [date_free], [booked]) VALUES (21, 20004, N'Monday', CAST(N'14:00:00' AS Time), CAST(N'2015-11-09 14:00:00.000' AS DateTime), 0)
INSERT [dbo].[TUTOR_AVAILABLE_TIMES] ([tutor_time_id], [tutor_id], [available_day], [available_time], [date_free], [booked]) VALUES (22, 20004, N'Monday', CAST(N'14:00:00' AS Time), CAST(N'2015-11-16 14:00:00.000' AS DateTime), 0)
INSERT [dbo].[TUTOR_AVAILABLE_TIMES] ([tutor_time_id], [tutor_id], [available_day], [available_time], [date_free], [booked]) VALUES (23, 20004, N'Monday', CAST(N'14:00:00' AS Time), CAST(N'2015-11-23 14:00:00.000' AS DateTime), 0)
INSERT [dbo].[TUTOR_AVAILABLE_TIMES] ([tutor_time_id], [tutor_id], [available_day], [available_time], [date_free], [booked]) VALUES (24, 20005, N'Monday', CAST(N'14:00:00' AS Time), CAST(N'2015-10-19 14:00:00.000' AS DateTime), 0)
INSERT [dbo].[TUTOR_AVAILABLE_TIMES] ([tutor_time_id], [tutor_id], [available_day], [available_time], [date_free], [booked]) VALUES (25, 20005, N'Monday', CAST(N'14:00:00' AS Time), CAST(N'2015-10-26 14:00:00.000' AS DateTime), 0)
INSERT [dbo].[TUTOR_AVAILABLE_TIMES] ([tutor_time_id], [tutor_id], [available_day], [available_time], [date_free], [booked]) VALUES (26, 20005, N'Monday', CAST(N'14:00:00' AS Time), CAST(N'2015-11-02 14:00:00.000' AS DateTime), 0)
INSERT [dbo].[TUTOR_AVAILABLE_TIMES] ([tutor_time_id], [tutor_id], [available_day], [available_time], [date_free], [booked]) VALUES (27, 20005, N'Monday', CAST(N'14:00:00' AS Time), CAST(N'2015-11-09 14:00:00.000' AS DateTime), 1)
INSERT [dbo].[TUTOR_AVAILABLE_TIMES] ([tutor_time_id], [tutor_id], [available_day], [available_time], [date_free], [booked]) VALUES (28, 20005, N'Monday', CAST(N'14:00:00' AS Time), CAST(N'2015-11-16 14:00:00.000' AS DateTime), 0)
INSERT [dbo].[TUTOR_AVAILABLE_TIMES] ([tutor_time_id], [tutor_id], [available_day], [available_time], [date_free], [booked]) VALUES (29, 20005, N'Monday', CAST(N'14:00:00' AS Time), CAST(N'2015-11-23 14:00:00.000' AS DateTime), 0)
INSERT [dbo].[TUTOR_AVAILABLE_TIMES] ([tutor_time_id], [tutor_id], [available_day], [available_time], [date_free], [booked]) VALUES (30, 20006, N'Tuesday', CAST(N'14:00:00' AS Time), CAST(N'2015-10-20 14:00:00.000' AS DateTime), 0)
INSERT [dbo].[TUTOR_AVAILABLE_TIMES] ([tutor_time_id], [tutor_id], [available_day], [available_time], [date_free], [booked]) VALUES (31, 20006, N'Tuesday', CAST(N'14:00:00' AS Time), CAST(N'2015-10-27 14:00:00.000' AS DateTime), 0)
INSERT [dbo].[TUTOR_AVAILABLE_TIMES] ([tutor_time_id], [tutor_id], [available_day], [available_time], [date_free], [booked]) VALUES (32, 20006, N'Tuesday', CAST(N'14:00:00' AS Time), CAST(N'2015-11-03 14:00:00.000' AS DateTime), 0)
INSERT [dbo].[TUTOR_AVAILABLE_TIMES] ([tutor_time_id], [tutor_id], [available_day], [available_time], [date_free], [booked]) VALUES (33, 20006, N'Tuesday', CAST(N'14:00:00' AS Time), CAST(N'2015-11-10 14:00:00.000' AS DateTime), 0)
INSERT [dbo].[TUTOR_AVAILABLE_TIMES] ([tutor_time_id], [tutor_id], [available_day], [available_time], [date_free], [booked]) VALUES (34, 20006, N'Tuesday', CAST(N'14:00:00' AS Time), CAST(N'2015-11-17 14:00:00.000' AS DateTime), 0)
INSERT [dbo].[TUTOR_AVAILABLE_TIMES] ([tutor_time_id], [tutor_id], [available_day], [available_time], [date_free], [booked]) VALUES (35, 20006, N'Tuesday', CAST(N'14:00:00' AS Time), CAST(N'2015-11-24 14:00:00.000' AS DateTime), 0)
INSERT [dbo].[TUTOR_AVAILABLE_TIMES] ([tutor_time_id], [tutor_id], [available_day], [available_time], [date_free], [booked]) VALUES (36, 20007, N'Tuesday', CAST(N'14:00:00' AS Time), CAST(N'2015-10-20 14:00:00.000' AS DateTime), 0)
INSERT [dbo].[TUTOR_AVAILABLE_TIMES] ([tutor_time_id], [tutor_id], [available_day], [available_time], [date_free], [booked]) VALUES (37, 20007, N'Tuesday', CAST(N'14:00:00' AS Time), CAST(N'2015-10-27 14:00:00.000' AS DateTime), 0)
INSERT [dbo].[TUTOR_AVAILABLE_TIMES] ([tutor_time_id], [tutor_id], [available_day], [available_time], [date_free], [booked]) VALUES (38, 20007, N'Tuesday', CAST(N'14:00:00' AS Time), CAST(N'2015-11-03 14:00:00.000' AS DateTime), 0)
INSERT [dbo].[TUTOR_AVAILABLE_TIMES] ([tutor_time_id], [tutor_id], [available_day], [available_time], [date_free], [booked]) VALUES (39, 20007, N'Tuesday', CAST(N'14:00:00' AS Time), CAST(N'2015-11-10 14:00:00.000' AS DateTime), 0)
INSERT [dbo].[TUTOR_AVAILABLE_TIMES] ([tutor_time_id], [tutor_id], [available_day], [available_time], [date_free], [booked]) VALUES (40, 20007, N'Tuesday', CAST(N'14:00:00' AS Time), CAST(N'2015-11-17 14:00:00.000' AS DateTime), 0)
INSERT [dbo].[TUTOR_AVAILABLE_TIMES] ([tutor_time_id], [tutor_id], [available_day], [available_time], [date_free], [booked]) VALUES (41, 20007, N'Tuesday', CAST(N'14:00:00' AS Time), CAST(N'2015-11-24 14:00:00.000' AS DateTime), 0)
INSERT [dbo].[TUTOR_AVAILABLE_TIMES] ([tutor_time_id], [tutor_id], [available_day], [available_time], [date_free], [booked]) VALUES (42, 20008, N'Tuesday', CAST(N'14:00:00' AS Time), CAST(N'2015-10-20 14:00:00.000' AS DateTime), 0)
INSERT [dbo].[TUTOR_AVAILABLE_TIMES] ([tutor_time_id], [tutor_id], [available_day], [available_time], [date_free], [booked]) VALUES (43, 20008, N'Tuesday', CAST(N'14:00:00' AS Time), CAST(N'2015-10-27 14:00:00.000' AS DateTime), 0)
INSERT [dbo].[TUTOR_AVAILABLE_TIMES] ([tutor_time_id], [tutor_id], [available_day], [available_time], [date_free], [booked]) VALUES (44, 20008, N'Tuesday', CAST(N'14:00:00' AS Time), CAST(N'2015-11-03 14:00:00.000' AS DateTime), 0)
INSERT [dbo].[TUTOR_AVAILABLE_TIMES] ([tutor_time_id], [tutor_id], [available_day], [available_time], [date_free], [booked]) VALUES (45, 20008, N'Tuesday', CAST(N'14:00:00' AS Time), CAST(N'2015-11-10 14:00:00.000' AS DateTime), 0)
INSERT [dbo].[TUTOR_AVAILABLE_TIMES] ([tutor_time_id], [tutor_id], [available_day], [available_time], [date_free], [booked]) VALUES (46, 20008, N'Tuesday', CAST(N'14:00:00' AS Time), CAST(N'2015-11-17 14:00:00.000' AS DateTime), 0)
INSERT [dbo].[TUTOR_AVAILABLE_TIMES] ([tutor_time_id], [tutor_id], [available_day], [available_time], [date_free], [booked]) VALUES (47, 20008, N'Tuesday', CAST(N'14:00:00' AS Time), CAST(N'2015-11-24 14:00:00.000' AS DateTime), 0)
INSERT [dbo].[TUTOR_AVAILABLE_TIMES] ([tutor_time_id], [tutor_id], [available_day], [available_time], [date_free], [booked]) VALUES (48, 20009, N'Tuesday', CAST(N'14:00:00' AS Time), CAST(N'2015-10-20 14:00:00.000' AS DateTime), 0)
INSERT [dbo].[TUTOR_AVAILABLE_TIMES] ([tutor_time_id], [tutor_id], [available_day], [available_time], [date_free], [booked]) VALUES (49, 20009, N'Tuesday', CAST(N'14:00:00' AS Time), CAST(N'2015-10-27 14:00:00.000' AS DateTime), 0)
INSERT [dbo].[TUTOR_AVAILABLE_TIMES] ([tutor_time_id], [tutor_id], [available_day], [available_time], [date_free], [booked]) VALUES (50, 20009, N'Tuesday', CAST(N'14:00:00' AS Time), CAST(N'2015-11-03 14:00:00.000' AS DateTime), 0)
INSERT [dbo].[TUTOR_AVAILABLE_TIMES] ([tutor_time_id], [tutor_id], [available_day], [available_time], [date_free], [booked]) VALUES (51, 20009, N'Tuesday', CAST(N'14:00:00' AS Time), CAST(N'2015-11-10 14:00:00.000' AS DateTime), 0)
INSERT [dbo].[TUTOR_AVAILABLE_TIMES] ([tutor_time_id], [tutor_id], [available_day], [available_time], [date_free], [booked]) VALUES (52, 20009, N'Tuesday', CAST(N'14:00:00' AS Time), CAST(N'2015-11-17 14:00:00.000' AS DateTime), 0)
INSERT [dbo].[TUTOR_AVAILABLE_TIMES] ([tutor_time_id], [tutor_id], [available_day], [available_time], [date_free], [booked]) VALUES (53, 20009, N'Tuesday', CAST(N'14:00:00' AS Time), CAST(N'2015-11-24 14:00:00.000' AS DateTime), 0)
INSERT [dbo].[TUTOR_AVAILABLE_TIMES] ([tutor_time_id], [tutor_id], [available_day], [available_time], [date_free], [booked]) VALUES (54, 20010, N'Tuesday', CAST(N'14:00:00' AS Time), CAST(N'2015-10-20 14:00:00.000' AS DateTime), 0)
INSERT [dbo].[TUTOR_AVAILABLE_TIMES] ([tutor_time_id], [tutor_id], [available_day], [available_time], [date_free], [booked]) VALUES (55, 20010, N'Tuesday', CAST(N'14:00:00' AS Time), CAST(N'2015-10-27 14:00:00.000' AS DateTime), 0)
INSERT [dbo].[TUTOR_AVAILABLE_TIMES] ([tutor_time_id], [tutor_id], [available_day], [available_time], [date_free], [booked]) VALUES (56, 20010, N'Tuesday', CAST(N'14:00:00' AS Time), CAST(N'2015-11-03 14:00:00.000' AS DateTime), 0)
INSERT [dbo].[TUTOR_AVAILABLE_TIMES] ([tutor_time_id], [tutor_id], [available_day], [available_time], [date_free], [booked]) VALUES (57, 20010, N'Tuesday', CAST(N'14:00:00' AS Time), CAST(N'2015-11-10 14:00:00.000' AS DateTime), 0)
INSERT [dbo].[TUTOR_AVAILABLE_TIMES] ([tutor_time_id], [tutor_id], [available_day], [available_time], [date_free], [booked]) VALUES (58, 20010, N'Tuesday', CAST(N'14:00:00' AS Time), CAST(N'2015-11-17 14:00:00.000' AS DateTime), 0)
INSERT [dbo].[TUTOR_AVAILABLE_TIMES] ([tutor_time_id], [tutor_id], [available_day], [available_time], [date_free], [booked]) VALUES (59, 20010, N'Tuesday', CAST(N'14:00:00' AS Time), CAST(N'2015-11-24 14:00:00.000' AS DateTime), 0)
INSERT [dbo].[TUTOR_AVAILABLE_TIMES] ([tutor_time_id], [tutor_id], [available_day], [available_time], [date_free], [booked]) VALUES (60, 20011, N'Thursday', CAST(N'14:00:00' AS Time), CAST(N'2015-10-22 14:00:00.000' AS DateTime), 0)
INSERT [dbo].[TUTOR_AVAILABLE_TIMES] ([tutor_time_id], [tutor_id], [available_day], [available_time], [date_free], [booked]) VALUES (61, 20011, N'Thursday', CAST(N'14:00:00' AS Time), CAST(N'2015-10-29 14:00:00.000' AS DateTime), 0)
INSERT [dbo].[TUTOR_AVAILABLE_TIMES] ([tutor_time_id], [tutor_id], [available_day], [available_time], [date_free], [booked]) VALUES (62, 20011, N'Thursday', CAST(N'14:00:00' AS Time), CAST(N'2015-11-05 14:00:00.000' AS DateTime), 0)
INSERT [dbo].[TUTOR_AVAILABLE_TIMES] ([tutor_time_id], [tutor_id], [available_day], [available_time], [date_free], [booked]) VALUES (63, 20011, N'Thursday', CAST(N'14:00:00' AS Time), CAST(N'2015-11-12 14:00:00.000' AS DateTime), 0)
INSERT [dbo].[TUTOR_AVAILABLE_TIMES] ([tutor_time_id], [tutor_id], [available_day], [available_time], [date_free], [booked]) VALUES (64, 20011, N'Thursday', CAST(N'14:00:00' AS Time), CAST(N'2015-11-19 14:00:00.000' AS DateTime), 0)
INSERT [dbo].[TUTOR_AVAILABLE_TIMES] ([tutor_time_id], [tutor_id], [available_day], [available_time], [date_free], [booked]) VALUES (65, 20012, N'Thursday', CAST(N'14:00:00' AS Time), CAST(N'2015-10-22 14:00:00.000' AS DateTime), 0)
INSERT [dbo].[TUTOR_AVAILABLE_TIMES] ([tutor_time_id], [tutor_id], [available_day], [available_time], [date_free], [booked]) VALUES (66, 20012, N'Thursday', CAST(N'14:00:00' AS Time), CAST(N'2015-10-29 14:00:00.000' AS DateTime), 0)
INSERT [dbo].[TUTOR_AVAILABLE_TIMES] ([tutor_time_id], [tutor_id], [available_day], [available_time], [date_free], [booked]) VALUES (67, 20012, N'Thursday', CAST(N'14:00:00' AS Time), CAST(N'2015-11-05 14:00:00.000' AS DateTime), 0)
INSERT [dbo].[TUTOR_AVAILABLE_TIMES] ([tutor_time_id], [tutor_id], [available_day], [available_time], [date_free], [booked]) VALUES (68, 20012, N'Thursday', CAST(N'14:00:00' AS Time), CAST(N'2015-11-12 14:00:00.000' AS DateTime), 0)
INSERT [dbo].[TUTOR_AVAILABLE_TIMES] ([tutor_time_id], [tutor_id], [available_day], [available_time], [date_free], [booked]) VALUES (69, 20012, N'Thursday', CAST(N'14:00:00' AS Time), CAST(N'2015-11-19 14:00:00.000' AS DateTime), 0)
INSERT [dbo].[TUTOR_AVAILABLE_TIMES] ([tutor_time_id], [tutor_id], [available_day], [available_time], [date_free], [booked]) VALUES (70, 20013, N'Thursday', CAST(N'14:00:00' AS Time), CAST(N'2015-10-22 14:00:00.000' AS DateTime), 0)
INSERT [dbo].[TUTOR_AVAILABLE_TIMES] ([tutor_time_id], [tutor_id], [available_day], [available_time], [date_free], [booked]) VALUES (71, 20013, N'Thursday', CAST(N'14:00:00' AS Time), CAST(N'2015-10-29 14:00:00.000' AS DateTime), 0)
INSERT [dbo].[TUTOR_AVAILABLE_TIMES] ([tutor_time_id], [tutor_id], [available_day], [available_time], [date_free], [booked]) VALUES (72, 20013, N'Thursday', CAST(N'14:00:00' AS Time), CAST(N'2015-11-05 14:00:00.000' AS DateTime), 0)
INSERT [dbo].[TUTOR_AVAILABLE_TIMES] ([tutor_time_id], [tutor_id], [available_day], [available_time], [date_free], [booked]) VALUES (73, 20013, N'Thursday', CAST(N'14:00:00' AS Time), CAST(N'2015-11-12 14:00:00.000' AS DateTime), 0)
INSERT [dbo].[TUTOR_AVAILABLE_TIMES] ([tutor_time_id], [tutor_id], [available_day], [available_time], [date_free], [booked]) VALUES (74, 20013, N'Thursday', CAST(N'14:00:00' AS Time), CAST(N'2015-11-19 14:00:00.000' AS DateTime), 0)
INSERT [dbo].[TUTOR_AVAILABLE_TIMES] ([tutor_time_id], [tutor_id], [available_day], [available_time], [date_free], [booked]) VALUES (75, 20014, N'Thursday', CAST(N'14:00:00' AS Time), CAST(N'2015-10-22 14:00:00.000' AS DateTime), 0)
INSERT [dbo].[TUTOR_AVAILABLE_TIMES] ([tutor_time_id], [tutor_id], [available_day], [available_time], [date_free], [booked]) VALUES (76, 20014, N'Thursday', CAST(N'14:00:00' AS Time), CAST(N'2015-10-29 14:00:00.000' AS DateTime), 0)
INSERT [dbo].[TUTOR_AVAILABLE_TIMES] ([tutor_time_id], [tutor_id], [available_day], [available_time], [date_free], [booked]) VALUES (77, 20014, N'Thursday', CAST(N'14:00:00' AS Time), CAST(N'2015-11-05 14:00:00.000' AS DateTime), 0)
INSERT [dbo].[TUTOR_AVAILABLE_TIMES] ([tutor_time_id], [tutor_id], [available_day], [available_time], [date_free], [booked]) VALUES (78, 20014, N'Thursday', CAST(N'14:00:00' AS Time), CAST(N'2015-11-12 14:00:00.000' AS DateTime), 0)
INSERT [dbo].[TUTOR_AVAILABLE_TIMES] ([tutor_time_id], [tutor_id], [available_day], [available_time], [date_free], [booked]) VALUES (79, 20014, N'Thursday', CAST(N'14:00:00' AS Time), CAST(N'2015-11-19 14:00:00.000' AS DateTime), 0)
INSERT [dbo].[TUTOR_AVAILABLE_TIMES] ([tutor_time_id], [tutor_id], [available_day], [available_time], [date_free], [booked]) VALUES (80, 20015, N'Wednesday', CAST(N'14:00:00' AS Time), CAST(N'2015-10-21 14:00:00.000' AS DateTime), 0)
INSERT [dbo].[TUTOR_AVAILABLE_TIMES] ([tutor_time_id], [tutor_id], [available_day], [available_time], [date_free], [booked]) VALUES (81, 20015, N'Wednesday', CAST(N'14:00:00' AS Time), CAST(N'2015-10-28 14:00:00.000' AS DateTime), 0)
INSERT [dbo].[TUTOR_AVAILABLE_TIMES] ([tutor_time_id], [tutor_id], [available_day], [available_time], [date_free], [booked]) VALUES (82, 20015, N'Wednesday', CAST(N'14:00:00' AS Time), CAST(N'2015-11-04 14:00:00.000' AS DateTime), 0)
INSERT [dbo].[TUTOR_AVAILABLE_TIMES] ([tutor_time_id], [tutor_id], [available_day], [available_time], [date_free], [booked]) VALUES (83, 20015, N'Wednesday', CAST(N'14:00:00' AS Time), CAST(N'2015-11-11 14:00:00.000' AS DateTime), 0)
INSERT [dbo].[TUTOR_AVAILABLE_TIMES] ([tutor_time_id], [tutor_id], [available_day], [available_time], [date_free], [booked]) VALUES (84, 20015, N'Wednesday', CAST(N'14:00:00' AS Time), CAST(N'2015-11-18 14:00:00.000' AS DateTime), 0)
INSERT [dbo].[TUTOR_AVAILABLE_TIMES] ([tutor_time_id], [tutor_id], [available_day], [available_time], [date_free], [booked]) VALUES (85, 20016, N'Wednesday', CAST(N'14:00:00' AS Time), CAST(N'2015-10-21 14:00:00.000' AS DateTime), 0)
INSERT [dbo].[TUTOR_AVAILABLE_TIMES] ([tutor_time_id], [tutor_id], [available_day], [available_time], [date_free], [booked]) VALUES (86, 20016, N'Wednesday', CAST(N'14:00:00' AS Time), CAST(N'2015-10-28 14:00:00.000' AS DateTime), 0)
INSERT [dbo].[TUTOR_AVAILABLE_TIMES] ([tutor_time_id], [tutor_id], [available_day], [available_time], [date_free], [booked]) VALUES (87, 20016, N'Wednesday', CAST(N'14:00:00' AS Time), CAST(N'2015-11-04 14:00:00.000' AS DateTime), 0)
INSERT [dbo].[TUTOR_AVAILABLE_TIMES] ([tutor_time_id], [tutor_id], [available_day], [available_time], [date_free], [booked]) VALUES (88, 20016, N'Wednesday', CAST(N'14:00:00' AS Time), CAST(N'2015-11-11 14:00:00.000' AS DateTime), 0)
INSERT [dbo].[TUTOR_AVAILABLE_TIMES] ([tutor_time_id], [tutor_id], [available_day], [available_time], [date_free], [booked]) VALUES (89, 20016, N'Wednesday', CAST(N'14:00:00' AS Time), CAST(N'2015-11-18 14:00:00.000' AS DateTime), 0)
INSERT [dbo].[TUTOR_AVAILABLE_TIMES] ([tutor_time_id], [tutor_id], [available_day], [available_time], [date_free], [booked]) VALUES (90, 20017, N'Wednesday', CAST(N'14:00:00' AS Time), CAST(N'2015-10-21 14:00:00.000' AS DateTime), 0)
INSERT [dbo].[TUTOR_AVAILABLE_TIMES] ([tutor_time_id], [tutor_id], [available_day], [available_time], [date_free], [booked]) VALUES (91, 20017, N'Wednesday', CAST(N'14:00:00' AS Time), CAST(N'2015-10-28 14:00:00.000' AS DateTime), 0)
INSERT [dbo].[TUTOR_AVAILABLE_TIMES] ([tutor_time_id], [tutor_id], [available_day], [available_time], [date_free], [booked]) VALUES (92, 20017, N'Wednesday', CAST(N'14:00:00' AS Time), CAST(N'2015-11-04 14:00:00.000' AS DateTime), 0)
INSERT [dbo].[TUTOR_AVAILABLE_TIMES] ([tutor_time_id], [tutor_id], [available_day], [available_time], [date_free], [booked]) VALUES (93, 20017, N'Wednesday', CAST(N'14:00:00' AS Time), CAST(N'2015-11-11 14:00:00.000' AS DateTime), 0)
INSERT [dbo].[TUTOR_AVAILABLE_TIMES] ([tutor_time_id], [tutor_id], [available_day], [available_time], [date_free], [booked]) VALUES (94, 20017, N'Wednesday', CAST(N'14:00:00' AS Time), CAST(N'2015-11-18 14:00:00.000' AS DateTime), 0)
INSERT [dbo].[TUTOR_AVAILABLE_TIMES] ([tutor_time_id], [tutor_id], [available_day], [available_time], [date_free], [booked]) VALUES (95, 20018, N'Wednesday', CAST(N'14:00:00' AS Time), CAST(N'2015-10-21 14:00:00.000' AS DateTime), 0)
INSERT [dbo].[TUTOR_AVAILABLE_TIMES] ([tutor_time_id], [tutor_id], [available_day], [available_time], [date_free], [booked]) VALUES (96, 20018, N'Wednesday', CAST(N'14:00:00' AS Time), CAST(N'2015-10-28 14:00:00.000' AS DateTime), 0)
INSERT [dbo].[TUTOR_AVAILABLE_TIMES] ([tutor_time_id], [tutor_id], [available_day], [available_time], [date_free], [booked]) VALUES (97, 20018, N'Wednesday', CAST(N'14:00:00' AS Time), CAST(N'2015-11-04 14:00:00.000' AS DateTime), 0)
INSERT [dbo].[TUTOR_AVAILABLE_TIMES] ([tutor_time_id], [tutor_id], [available_day], [available_time], [date_free], [booked]) VALUES (98, 20018, N'Wednesday', CAST(N'14:00:00' AS Time), CAST(N'2015-11-11 14:00:00.000' AS DateTime), 0)
INSERT [dbo].[TUTOR_AVAILABLE_TIMES] ([tutor_time_id], [tutor_id], [available_day], [available_time], [date_free], [booked]) VALUES (99, 20018, N'Wednesday', CAST(N'14:00:00' AS Time), CAST(N'2015-11-18 14:00:00.000' AS DateTime), 0)
GO
INSERT [dbo].[TUTOR_AVAILABLE_TIMES] ([tutor_time_id], [tutor_id], [available_day], [available_time], [date_free], [booked]) VALUES (100, 20019, N'Wednesday', CAST(N'14:00:00' AS Time), CAST(N'2015-10-21 14:00:00.000' AS DateTime), 0)
INSERT [dbo].[TUTOR_AVAILABLE_TIMES] ([tutor_time_id], [tutor_id], [available_day], [available_time], [date_free], [booked]) VALUES (101, 20019, N'Wednesday', CAST(N'14:00:00' AS Time), CAST(N'2015-10-28 14:00:00.000' AS DateTime), 0)
INSERT [dbo].[TUTOR_AVAILABLE_TIMES] ([tutor_time_id], [tutor_id], [available_day], [available_time], [date_free], [booked]) VALUES (102, 20019, N'Wednesday', CAST(N'14:00:00' AS Time), CAST(N'2015-11-04 14:00:00.000' AS DateTime), 0)
INSERT [dbo].[TUTOR_AVAILABLE_TIMES] ([tutor_time_id], [tutor_id], [available_day], [available_time], [date_free], [booked]) VALUES (103, 20019, N'Wednesday', CAST(N'14:00:00' AS Time), CAST(N'2015-11-11 14:00:00.000' AS DateTime), 0)
INSERT [dbo].[TUTOR_AVAILABLE_TIMES] ([tutor_time_id], [tutor_id], [available_day], [available_time], [date_free], [booked]) VALUES (104, 20019, N'Wednesday', CAST(N'14:00:00' AS Time), CAST(N'2015-11-18 14:00:00.000' AS DateTime), 0)
INSERT [dbo].[TUTOR_AVAILABLE_TIMES] ([tutor_time_id], [tutor_id], [available_day], [available_time], [date_free], [booked]) VALUES (105, 20020, N'Monday', CAST(N'14:00:00' AS Time), CAST(N'2015-10-19 14:00:00.000' AS DateTime), 0)
INSERT [dbo].[TUTOR_AVAILABLE_TIMES] ([tutor_time_id], [tutor_id], [available_day], [available_time], [date_free], [booked]) VALUES (106, 20020, N'Monday', CAST(N'14:00:00' AS Time), CAST(N'2015-10-26 14:00:00.000' AS DateTime), 0)
INSERT [dbo].[TUTOR_AVAILABLE_TIMES] ([tutor_time_id], [tutor_id], [available_day], [available_time], [date_free], [booked]) VALUES (107, 20020, N'Monday', CAST(N'14:00:00' AS Time), CAST(N'2015-11-02 14:00:00.000' AS DateTime), 0)
INSERT [dbo].[TUTOR_AVAILABLE_TIMES] ([tutor_time_id], [tutor_id], [available_day], [available_time], [date_free], [booked]) VALUES (108, 20020, N'Monday', CAST(N'14:00:00' AS Time), CAST(N'2015-11-09 14:00:00.000' AS DateTime), 0)
INSERT [dbo].[TUTOR_AVAILABLE_TIMES] ([tutor_time_id], [tutor_id], [available_day], [available_time], [date_free], [booked]) VALUES (109, 20020, N'Monday', CAST(N'14:00:00' AS Time), CAST(N'2015-11-16 14:00:00.000' AS DateTime), 0)
INSERT [dbo].[TUTOR_AVAILABLE_TIMES] ([tutor_time_id], [tutor_id], [available_day], [available_time], [date_free], [booked]) VALUES (110, 20020, N'Monday', CAST(N'14:00:00' AS Time), CAST(N'2015-11-23 14:00:00.000' AS DateTime), 0)
INSERT [dbo].[TUTOR_AVAILABLE_TIMES] ([tutor_time_id], [tutor_id], [available_day], [available_time], [date_free], [booked]) VALUES (111, 20001, N'Monday', CAST(N'08:00:00' AS Time), CAST(N'2015-10-19 08:00:00.000' AS DateTime), 0)
INSERT [dbo].[TUTOR_AVAILABLE_TIMES] ([tutor_time_id], [tutor_id], [available_day], [available_time], [date_free], [booked]) VALUES (112, 20001, N'Monday', CAST(N'08:00:00' AS Time), CAST(N'2015-10-26 08:00:00.000' AS DateTime), 0)
INSERT [dbo].[TUTOR_AVAILABLE_TIMES] ([tutor_time_id], [tutor_id], [available_day], [available_time], [date_free], [booked]) VALUES (113, 20001, N'Monday', CAST(N'08:00:00' AS Time), CAST(N'2015-11-02 08:00:00.000' AS DateTime), 0)
INSERT [dbo].[TUTOR_AVAILABLE_TIMES] ([tutor_time_id], [tutor_id], [available_day], [available_time], [date_free], [booked]) VALUES (114, 20001, N'Monday', CAST(N'08:00:00' AS Time), CAST(N'2015-11-09 08:00:00.000' AS DateTime), 0)
INSERT [dbo].[TUTOR_AVAILABLE_TIMES] ([tutor_time_id], [tutor_id], [available_day], [available_time], [date_free], [booked]) VALUES (115, 20001, N'Monday', CAST(N'08:00:00' AS Time), CAST(N'2015-11-16 08:00:00.000' AS DateTime), 0)
INSERT [dbo].[TUTOR_AVAILABLE_TIMES] ([tutor_time_id], [tutor_id], [available_day], [available_time], [date_free], [booked]) VALUES (116, 20001, N'Monday', CAST(N'08:00:00' AS Time), CAST(N'2015-11-23 08:00:00.000' AS DateTime), 0)
INSERT [dbo].[TUTOR_AVAILABLE_TIMES] ([tutor_time_id], [tutor_id], [available_day], [available_time], [date_free], [booked]) VALUES (117, 20002, N'Monday', CAST(N'08:00:00' AS Time), CAST(N'2015-10-19 08:00:00.000' AS DateTime), 0)
INSERT [dbo].[TUTOR_AVAILABLE_TIMES] ([tutor_time_id], [tutor_id], [available_day], [available_time], [date_free], [booked]) VALUES (118, 20002, N'Monday', CAST(N'08:00:00' AS Time), CAST(N'2015-10-26 08:00:00.000' AS DateTime), 0)
INSERT [dbo].[TUTOR_AVAILABLE_TIMES] ([tutor_time_id], [tutor_id], [available_day], [available_time], [date_free], [booked]) VALUES (119, 20002, N'Monday', CAST(N'08:00:00' AS Time), CAST(N'2015-11-02 08:00:00.000' AS DateTime), 0)
INSERT [dbo].[TUTOR_AVAILABLE_TIMES] ([tutor_time_id], [tutor_id], [available_day], [available_time], [date_free], [booked]) VALUES (120, 20002, N'Monday', CAST(N'08:00:00' AS Time), CAST(N'2015-11-09 08:00:00.000' AS DateTime), 0)
INSERT [dbo].[TUTOR_AVAILABLE_TIMES] ([tutor_time_id], [tutor_id], [available_day], [available_time], [date_free], [booked]) VALUES (121, 20002, N'Monday', CAST(N'08:00:00' AS Time), CAST(N'2015-11-16 08:00:00.000' AS DateTime), 0)
INSERT [dbo].[TUTOR_AVAILABLE_TIMES] ([tutor_time_id], [tutor_id], [available_day], [available_time], [date_free], [booked]) VALUES (122, 20002, N'Monday', CAST(N'08:00:00' AS Time), CAST(N'2015-11-23 08:00:00.000' AS DateTime), 0)
INSERT [dbo].[TUTOR_AVAILABLE_TIMES] ([tutor_time_id], [tutor_id], [available_day], [available_time], [date_free], [booked]) VALUES (123, 20003, N'Monday', CAST(N'08:00:00' AS Time), CAST(N'2015-10-19 08:00:00.000' AS DateTime), 0)
INSERT [dbo].[TUTOR_AVAILABLE_TIMES] ([tutor_time_id], [tutor_id], [available_day], [available_time], [date_free], [booked]) VALUES (124, 20003, N'Monday', CAST(N'08:00:00' AS Time), CAST(N'2015-10-26 08:00:00.000' AS DateTime), 0)
INSERT [dbo].[TUTOR_AVAILABLE_TIMES] ([tutor_time_id], [tutor_id], [available_day], [available_time], [date_free], [booked]) VALUES (125, 20003, N'Monday', CAST(N'08:00:00' AS Time), CAST(N'2015-11-02 08:00:00.000' AS DateTime), 0)
INSERT [dbo].[TUTOR_AVAILABLE_TIMES] ([tutor_time_id], [tutor_id], [available_day], [available_time], [date_free], [booked]) VALUES (126, 20003, N'Monday', CAST(N'08:00:00' AS Time), CAST(N'2015-11-09 08:00:00.000' AS DateTime), 0)
INSERT [dbo].[TUTOR_AVAILABLE_TIMES] ([tutor_time_id], [tutor_id], [available_day], [available_time], [date_free], [booked]) VALUES (127, 20003, N'Monday', CAST(N'08:00:00' AS Time), CAST(N'2015-11-16 08:00:00.000' AS DateTime), 0)
INSERT [dbo].[TUTOR_AVAILABLE_TIMES] ([tutor_time_id], [tutor_id], [available_day], [available_time], [date_free], [booked]) VALUES (128, 20003, N'Monday', CAST(N'08:00:00' AS Time), CAST(N'2015-11-23 08:00:00.000' AS DateTime), 0)
INSERT [dbo].[TUTOR_AVAILABLE_TIMES] ([tutor_time_id], [tutor_id], [available_day], [available_time], [date_free], [booked]) VALUES (129, 20004, N'Tuesday', CAST(N'08:00:00' AS Time), CAST(N'2015-10-20 08:00:00.000' AS DateTime), 0)
INSERT [dbo].[TUTOR_AVAILABLE_TIMES] ([tutor_time_id], [tutor_id], [available_day], [available_time], [date_free], [booked]) VALUES (130, 20004, N'Tuesday', CAST(N'08:00:00' AS Time), CAST(N'2015-10-27 08:00:00.000' AS DateTime), 0)
INSERT [dbo].[TUTOR_AVAILABLE_TIMES] ([tutor_time_id], [tutor_id], [available_day], [available_time], [date_free], [booked]) VALUES (131, 20004, N'Tuesday', CAST(N'08:00:00' AS Time), CAST(N'2015-11-03 08:00:00.000' AS DateTime), 0)
INSERT [dbo].[TUTOR_AVAILABLE_TIMES] ([tutor_time_id], [tutor_id], [available_day], [available_time], [date_free], [booked]) VALUES (132, 20004, N'Tuesday', CAST(N'08:00:00' AS Time), CAST(N'2015-11-10 08:00:00.000' AS DateTime), 0)
INSERT [dbo].[TUTOR_AVAILABLE_TIMES] ([tutor_time_id], [tutor_id], [available_day], [available_time], [date_free], [booked]) VALUES (133, 20004, N'Tuesday', CAST(N'08:00:00' AS Time), CAST(N'2015-11-17 08:00:00.000' AS DateTime), 0)
INSERT [dbo].[TUTOR_AVAILABLE_TIMES] ([tutor_time_id], [tutor_id], [available_day], [available_time], [date_free], [booked]) VALUES (134, 20004, N'Tuesday', CAST(N'08:00:00' AS Time), CAST(N'2015-11-24 08:00:00.000' AS DateTime), 0)
INSERT [dbo].[TUTOR_AVAILABLE_TIMES] ([tutor_time_id], [tutor_id], [available_day], [available_time], [date_free], [booked]) VALUES (135, 20005, N'Tuesday', CAST(N'08:00:00' AS Time), CAST(N'2015-10-20 08:00:00.000' AS DateTime), 0)
INSERT [dbo].[TUTOR_AVAILABLE_TIMES] ([tutor_time_id], [tutor_id], [available_day], [available_time], [date_free], [booked]) VALUES (136, 20005, N'Tuesday', CAST(N'08:00:00' AS Time), CAST(N'2015-10-27 08:00:00.000' AS DateTime), 0)
INSERT [dbo].[TUTOR_AVAILABLE_TIMES] ([tutor_time_id], [tutor_id], [available_day], [available_time], [date_free], [booked]) VALUES (137, 20005, N'Tuesday', CAST(N'08:00:00' AS Time), CAST(N'2015-11-03 08:00:00.000' AS DateTime), 0)
INSERT [dbo].[TUTOR_AVAILABLE_TIMES] ([tutor_time_id], [tutor_id], [available_day], [available_time], [date_free], [booked]) VALUES (138, 20005, N'Tuesday', CAST(N'08:00:00' AS Time), CAST(N'2015-11-10 08:00:00.000' AS DateTime), 0)
INSERT [dbo].[TUTOR_AVAILABLE_TIMES] ([tutor_time_id], [tutor_id], [available_day], [available_time], [date_free], [booked]) VALUES (139, 20005, N'Tuesday', CAST(N'08:00:00' AS Time), CAST(N'2015-11-17 08:00:00.000' AS DateTime), 0)
INSERT [dbo].[TUTOR_AVAILABLE_TIMES] ([tutor_time_id], [tutor_id], [available_day], [available_time], [date_free], [booked]) VALUES (140, 20005, N'Tuesday', CAST(N'08:00:00' AS Time), CAST(N'2015-11-24 08:00:00.000' AS DateTime), 0)
INSERT [dbo].[TUTOR_AVAILABLE_TIMES] ([tutor_time_id], [tutor_id], [available_day], [available_time], [date_free], [booked]) VALUES (141, 20006, N'Tuesday', CAST(N'08:00:00' AS Time), CAST(N'2015-10-20 08:00:00.000' AS DateTime), 0)
INSERT [dbo].[TUTOR_AVAILABLE_TIMES] ([tutor_time_id], [tutor_id], [available_day], [available_time], [date_free], [booked]) VALUES (142, 20006, N'Tuesday', CAST(N'08:00:00' AS Time), CAST(N'2015-10-27 08:00:00.000' AS DateTime), 0)
INSERT [dbo].[TUTOR_AVAILABLE_TIMES] ([tutor_time_id], [tutor_id], [available_day], [available_time], [date_free], [booked]) VALUES (143, 20006, N'Tuesday', CAST(N'08:00:00' AS Time), CAST(N'2015-11-03 08:00:00.000' AS DateTime), 0)
INSERT [dbo].[TUTOR_AVAILABLE_TIMES] ([tutor_time_id], [tutor_id], [available_day], [available_time], [date_free], [booked]) VALUES (144, 20006, N'Tuesday', CAST(N'08:00:00' AS Time), CAST(N'2015-11-10 08:00:00.000' AS DateTime), 0)
INSERT [dbo].[TUTOR_AVAILABLE_TIMES] ([tutor_time_id], [tutor_id], [available_day], [available_time], [date_free], [booked]) VALUES (145, 20006, N'Tuesday', CAST(N'08:00:00' AS Time), CAST(N'2015-11-17 08:00:00.000' AS DateTime), 0)
INSERT [dbo].[TUTOR_AVAILABLE_TIMES] ([tutor_time_id], [tutor_id], [available_day], [available_time], [date_free], [booked]) VALUES (146, 20006, N'Tuesday', CAST(N'08:00:00' AS Time), CAST(N'2015-11-24 08:00:00.000' AS DateTime), 0)
INSERT [dbo].[TUTOR_AVAILABLE_TIMES] ([tutor_time_id], [tutor_id], [available_day], [available_time], [date_free], [booked]) VALUES (147, 20007, N'Tuesday', CAST(N'08:00:00' AS Time), CAST(N'2015-10-20 08:00:00.000' AS DateTime), 0)
INSERT [dbo].[TUTOR_AVAILABLE_TIMES] ([tutor_time_id], [tutor_id], [available_day], [available_time], [date_free], [booked]) VALUES (148, 20007, N'Tuesday', CAST(N'08:00:00' AS Time), CAST(N'2015-10-27 08:00:00.000' AS DateTime), 0)
INSERT [dbo].[TUTOR_AVAILABLE_TIMES] ([tutor_time_id], [tutor_id], [available_day], [available_time], [date_free], [booked]) VALUES (149, 20007, N'Tuesday', CAST(N'08:00:00' AS Time), CAST(N'2015-11-03 08:00:00.000' AS DateTime), 0)
INSERT [dbo].[TUTOR_AVAILABLE_TIMES] ([tutor_time_id], [tutor_id], [available_day], [available_time], [date_free], [booked]) VALUES (150, 20007, N'Tuesday', CAST(N'08:00:00' AS Time), CAST(N'2015-11-10 08:00:00.000' AS DateTime), 0)
INSERT [dbo].[TUTOR_AVAILABLE_TIMES] ([tutor_time_id], [tutor_id], [available_day], [available_time], [date_free], [booked]) VALUES (151, 20007, N'Tuesday', CAST(N'08:00:00' AS Time), CAST(N'2015-11-17 08:00:00.000' AS DateTime), 0)
INSERT [dbo].[TUTOR_AVAILABLE_TIMES] ([tutor_time_id], [tutor_id], [available_day], [available_time], [date_free], [booked]) VALUES (152, 20007, N'Tuesday', CAST(N'08:00:00' AS Time), CAST(N'2015-11-24 08:00:00.000' AS DateTime), 0)
INSERT [dbo].[TUTOR_AVAILABLE_TIMES] ([tutor_time_id], [tutor_id], [available_day], [available_time], [date_free], [booked]) VALUES (153, 20008, N'Monday', CAST(N'08:00:00' AS Time), CAST(N'2015-10-19 08:00:00.000' AS DateTime), 0)
INSERT [dbo].[TUTOR_AVAILABLE_TIMES] ([tutor_time_id], [tutor_id], [available_day], [available_time], [date_free], [booked]) VALUES (154, 20008, N'Monday', CAST(N'08:00:00' AS Time), CAST(N'2015-10-26 08:00:00.000' AS DateTime), 0)
INSERT [dbo].[TUTOR_AVAILABLE_TIMES] ([tutor_time_id], [tutor_id], [available_day], [available_time], [date_free], [booked]) VALUES (155, 20008, N'Monday', CAST(N'08:00:00' AS Time), CAST(N'2015-11-02 08:00:00.000' AS DateTime), 0)
INSERT [dbo].[TUTOR_AVAILABLE_TIMES] ([tutor_time_id], [tutor_id], [available_day], [available_time], [date_free], [booked]) VALUES (156, 20008, N'Monday', CAST(N'08:00:00' AS Time), CAST(N'2015-11-09 08:00:00.000' AS DateTime), 0)
INSERT [dbo].[TUTOR_AVAILABLE_TIMES] ([tutor_time_id], [tutor_id], [available_day], [available_time], [date_free], [booked]) VALUES (157, 20008, N'Monday', CAST(N'08:00:00' AS Time), CAST(N'2015-11-16 08:00:00.000' AS DateTime), 0)
INSERT [dbo].[TUTOR_AVAILABLE_TIMES] ([tutor_time_id], [tutor_id], [available_day], [available_time], [date_free], [booked]) VALUES (158, 20008, N'Monday', CAST(N'08:00:00' AS Time), CAST(N'2015-11-23 08:00:00.000' AS DateTime), 0)
INSERT [dbo].[TUTOR_AVAILABLE_TIMES] ([tutor_time_id], [tutor_id], [available_day], [available_time], [date_free], [booked]) VALUES (159, 20009, N'Monday', CAST(N'08:00:00' AS Time), CAST(N'2015-10-19 08:00:00.000' AS DateTime), 0)
INSERT [dbo].[TUTOR_AVAILABLE_TIMES] ([tutor_time_id], [tutor_id], [available_day], [available_time], [date_free], [booked]) VALUES (160, 20009, N'Monday', CAST(N'08:00:00' AS Time), CAST(N'2015-10-26 08:00:00.000' AS DateTime), 0)
INSERT [dbo].[TUTOR_AVAILABLE_TIMES] ([tutor_time_id], [tutor_id], [available_day], [available_time], [date_free], [booked]) VALUES (161, 20009, N'Monday', CAST(N'08:00:00' AS Time), CAST(N'2015-11-02 08:00:00.000' AS DateTime), 0)
INSERT [dbo].[TUTOR_AVAILABLE_TIMES] ([tutor_time_id], [tutor_id], [available_day], [available_time], [date_free], [booked]) VALUES (162, 20009, N'Monday', CAST(N'08:00:00' AS Time), CAST(N'2015-11-09 08:00:00.000' AS DateTime), 0)
INSERT [dbo].[TUTOR_AVAILABLE_TIMES] ([tutor_time_id], [tutor_id], [available_day], [available_time], [date_free], [booked]) VALUES (163, 20009, N'Monday', CAST(N'08:00:00' AS Time), CAST(N'2015-11-16 08:00:00.000' AS DateTime), 0)
INSERT [dbo].[TUTOR_AVAILABLE_TIMES] ([tutor_time_id], [tutor_id], [available_day], [available_time], [date_free], [booked]) VALUES (164, 20009, N'Monday', CAST(N'08:00:00' AS Time), CAST(N'2015-11-23 08:00:00.000' AS DateTime), 0)
INSERT [dbo].[TUTOR_AVAILABLE_TIMES] ([tutor_time_id], [tutor_id], [available_day], [available_time], [date_free], [booked]) VALUES (165, 20010, N'Monday', CAST(N'08:00:00' AS Time), CAST(N'2015-10-19 08:00:00.000' AS DateTime), 0)
INSERT [dbo].[TUTOR_AVAILABLE_TIMES] ([tutor_time_id], [tutor_id], [available_day], [available_time], [date_free], [booked]) VALUES (166, 20010, N'Monday', CAST(N'08:00:00' AS Time), CAST(N'2015-10-26 08:00:00.000' AS DateTime), 0)
INSERT [dbo].[TUTOR_AVAILABLE_TIMES] ([tutor_time_id], [tutor_id], [available_day], [available_time], [date_free], [booked]) VALUES (167, 20010, N'Monday', CAST(N'08:00:00' AS Time), CAST(N'2015-11-02 08:00:00.000' AS DateTime), 0)
INSERT [dbo].[TUTOR_AVAILABLE_TIMES] ([tutor_time_id], [tutor_id], [available_day], [available_time], [date_free], [booked]) VALUES (168, 20010, N'Monday', CAST(N'08:00:00' AS Time), CAST(N'2015-11-09 08:00:00.000' AS DateTime), 0)
INSERT [dbo].[TUTOR_AVAILABLE_TIMES] ([tutor_time_id], [tutor_id], [available_day], [available_time], [date_free], [booked]) VALUES (169, 20010, N'Monday', CAST(N'08:00:00' AS Time), CAST(N'2015-11-16 08:00:00.000' AS DateTime), 0)
INSERT [dbo].[TUTOR_AVAILABLE_TIMES] ([tutor_time_id], [tutor_id], [available_day], [available_time], [date_free], [booked]) VALUES (170, 20010, N'Monday', CAST(N'08:00:00' AS Time), CAST(N'2015-11-23 08:00:00.000' AS DateTime), 0)
INSERT [dbo].[TUTOR_AVAILABLE_TIMES] ([tutor_time_id], [tutor_id], [available_day], [available_time], [date_free], [booked]) VALUES (171, 20011, N'Monday', CAST(N'08:00:00' AS Time), CAST(N'2015-10-19 08:00:00.000' AS DateTime), 0)
INSERT [dbo].[TUTOR_AVAILABLE_TIMES] ([tutor_time_id], [tutor_id], [available_day], [available_time], [date_free], [booked]) VALUES (172, 20011, N'Monday', CAST(N'08:00:00' AS Time), CAST(N'2015-10-26 08:00:00.000' AS DateTime), 0)
INSERT [dbo].[TUTOR_AVAILABLE_TIMES] ([tutor_time_id], [tutor_id], [available_day], [available_time], [date_free], [booked]) VALUES (173, 20011, N'Monday', CAST(N'08:00:00' AS Time), CAST(N'2015-11-02 08:00:00.000' AS DateTime), 0)
INSERT [dbo].[TUTOR_AVAILABLE_TIMES] ([tutor_time_id], [tutor_id], [available_day], [available_time], [date_free], [booked]) VALUES (174, 20011, N'Monday', CAST(N'08:00:00' AS Time), CAST(N'2015-11-09 08:00:00.000' AS DateTime), 0)
INSERT [dbo].[TUTOR_AVAILABLE_TIMES] ([tutor_time_id], [tutor_id], [available_day], [available_time], [date_free], [booked]) VALUES (175, 20011, N'Monday', CAST(N'08:00:00' AS Time), CAST(N'2015-11-16 08:00:00.000' AS DateTime), 0)
INSERT [dbo].[TUTOR_AVAILABLE_TIMES] ([tutor_time_id], [tutor_id], [available_day], [available_time], [date_free], [booked]) VALUES (176, 20011, N'Monday', CAST(N'08:00:00' AS Time), CAST(N'2015-11-23 08:00:00.000' AS DateTime), 0)
INSERT [dbo].[TUTOR_AVAILABLE_TIMES] ([tutor_time_id], [tutor_id], [available_day], [available_time], [date_free], [booked]) VALUES (177, 20012, N'Monday', CAST(N'08:00:00' AS Time), CAST(N'2015-10-19 08:00:00.000' AS DateTime), 0)
INSERT [dbo].[TUTOR_AVAILABLE_TIMES] ([tutor_time_id], [tutor_id], [available_day], [available_time], [date_free], [booked]) VALUES (178, 20012, N'Monday', CAST(N'08:00:00' AS Time), CAST(N'2015-10-26 08:00:00.000' AS DateTime), 0)
INSERT [dbo].[TUTOR_AVAILABLE_TIMES] ([tutor_time_id], [tutor_id], [available_day], [available_time], [date_free], [booked]) VALUES (179, 20012, N'Monday', CAST(N'08:00:00' AS Time), CAST(N'2015-11-02 08:00:00.000' AS DateTime), 0)
INSERT [dbo].[TUTOR_AVAILABLE_TIMES] ([tutor_time_id], [tutor_id], [available_day], [available_time], [date_free], [booked]) VALUES (180, 20012, N'Monday', CAST(N'08:00:00' AS Time), CAST(N'2015-11-09 08:00:00.000' AS DateTime), 0)
INSERT [dbo].[TUTOR_AVAILABLE_TIMES] ([tutor_time_id], [tutor_id], [available_day], [available_time], [date_free], [booked]) VALUES (181, 20012, N'Monday', CAST(N'08:00:00' AS Time), CAST(N'2015-11-16 08:00:00.000' AS DateTime), 0)
INSERT [dbo].[TUTOR_AVAILABLE_TIMES] ([tutor_time_id], [tutor_id], [available_day], [available_time], [date_free], [booked]) VALUES (182, 20012, N'Monday', CAST(N'08:00:00' AS Time), CAST(N'2015-11-23 08:00:00.000' AS DateTime), 0)
INSERT [dbo].[TUTOR_AVAILABLE_TIMES] ([tutor_time_id], [tutor_id], [available_day], [available_time], [date_free], [booked]) VALUES (183, 20013, N'Wednesday', CAST(N'08:00:00' AS Time), CAST(N'2015-10-21 08:00:00.000' AS DateTime), 0)
INSERT [dbo].[TUTOR_AVAILABLE_TIMES] ([tutor_time_id], [tutor_id], [available_day], [available_time], [date_free], [booked]) VALUES (184, 20013, N'Wednesday', CAST(N'08:00:00' AS Time), CAST(N'2015-10-28 08:00:00.000' AS DateTime), 0)
INSERT [dbo].[TUTOR_AVAILABLE_TIMES] ([tutor_time_id], [tutor_id], [available_day], [available_time], [date_free], [booked]) VALUES (185, 20013, N'Wednesday', CAST(N'08:00:00' AS Time), CAST(N'2015-11-04 08:00:00.000' AS DateTime), 0)
INSERT [dbo].[TUTOR_AVAILABLE_TIMES] ([tutor_time_id], [tutor_id], [available_day], [available_time], [date_free], [booked]) VALUES (186, 20013, N'Wednesday', CAST(N'08:00:00' AS Time), CAST(N'2015-11-11 08:00:00.000' AS DateTime), 0)
INSERT [dbo].[TUTOR_AVAILABLE_TIMES] ([tutor_time_id], [tutor_id], [available_day], [available_time], [date_free], [booked]) VALUES (187, 20013, N'Wednesday', CAST(N'08:00:00' AS Time), CAST(N'2015-11-18 08:00:00.000' AS DateTime), 0)
INSERT [dbo].[TUTOR_AVAILABLE_TIMES] ([tutor_time_id], [tutor_id], [available_day], [available_time], [date_free], [booked]) VALUES (188, 20014, N'Wednesday', CAST(N'08:00:00' AS Time), CAST(N'2015-10-21 08:00:00.000' AS DateTime), 0)
INSERT [dbo].[TUTOR_AVAILABLE_TIMES] ([tutor_time_id], [tutor_id], [available_day], [available_time], [date_free], [booked]) VALUES (189, 20014, N'Wednesday', CAST(N'08:00:00' AS Time), CAST(N'2015-10-28 08:00:00.000' AS DateTime), 0)
INSERT [dbo].[TUTOR_AVAILABLE_TIMES] ([tutor_time_id], [tutor_id], [available_day], [available_time], [date_free], [booked]) VALUES (190, 20014, N'Wednesday', CAST(N'08:00:00' AS Time), CAST(N'2015-11-04 08:00:00.000' AS DateTime), 0)
INSERT [dbo].[TUTOR_AVAILABLE_TIMES] ([tutor_time_id], [tutor_id], [available_day], [available_time], [date_free], [booked]) VALUES (191, 20014, N'Wednesday', CAST(N'08:00:00' AS Time), CAST(N'2015-11-11 08:00:00.000' AS DateTime), 0)
INSERT [dbo].[TUTOR_AVAILABLE_TIMES] ([tutor_time_id], [tutor_id], [available_day], [available_time], [date_free], [booked]) VALUES (192, 20014, N'Wednesday', CAST(N'08:00:00' AS Time), CAST(N'2015-11-18 08:00:00.000' AS DateTime), 0)
INSERT [dbo].[TUTOR_AVAILABLE_TIMES] ([tutor_time_id], [tutor_id], [available_day], [available_time], [date_free], [booked]) VALUES (193, 20015, N'Wednesday', CAST(N'08:00:00' AS Time), CAST(N'2015-10-21 08:00:00.000' AS DateTime), 0)
INSERT [dbo].[TUTOR_AVAILABLE_TIMES] ([tutor_time_id], [tutor_id], [available_day], [available_time], [date_free], [booked]) VALUES (194, 20015, N'Wednesday', CAST(N'08:00:00' AS Time), CAST(N'2015-10-28 08:00:00.000' AS DateTime), 0)
INSERT [dbo].[TUTOR_AVAILABLE_TIMES] ([tutor_time_id], [tutor_id], [available_day], [available_time], [date_free], [booked]) VALUES (195, 20015, N'Wednesday', CAST(N'08:00:00' AS Time), CAST(N'2015-11-04 08:00:00.000' AS DateTime), 0)
INSERT [dbo].[TUTOR_AVAILABLE_TIMES] ([tutor_time_id], [tutor_id], [available_day], [available_time], [date_free], [booked]) VALUES (196, 20015, N'Wednesday', CAST(N'08:00:00' AS Time), CAST(N'2015-11-11 08:00:00.000' AS DateTime), 0)
INSERT [dbo].[TUTOR_AVAILABLE_TIMES] ([tutor_time_id], [tutor_id], [available_day], [available_time], [date_free], [booked]) VALUES (197, 20015, N'Wednesday', CAST(N'08:00:00' AS Time), CAST(N'2015-11-18 08:00:00.000' AS DateTime), 0)
INSERT [dbo].[TUTOR_AVAILABLE_TIMES] ([tutor_time_id], [tutor_id], [available_day], [available_time], [date_free], [booked]) VALUES (198, 20016, N'Wednesday', CAST(N'08:00:00' AS Time), CAST(N'2015-10-21 08:00:00.000' AS DateTime), 0)
INSERT [dbo].[TUTOR_AVAILABLE_TIMES] ([tutor_time_id], [tutor_id], [available_day], [available_time], [date_free], [booked]) VALUES (199, 20016, N'Wednesday', CAST(N'08:00:00' AS Time), CAST(N'2015-10-28 08:00:00.000' AS DateTime), 0)
GO
INSERT [dbo].[TUTOR_AVAILABLE_TIMES] ([tutor_time_id], [tutor_id], [available_day], [available_time], [date_free], [booked]) VALUES (200, 20016, N'Wednesday', CAST(N'08:00:00' AS Time), CAST(N'2015-11-04 08:00:00.000' AS DateTime), 0)
INSERT [dbo].[TUTOR_AVAILABLE_TIMES] ([tutor_time_id], [tutor_id], [available_day], [available_time], [date_free], [booked]) VALUES (201, 20016, N'Wednesday', CAST(N'08:00:00' AS Time), CAST(N'2015-11-11 08:00:00.000' AS DateTime), 0)
INSERT [dbo].[TUTOR_AVAILABLE_TIMES] ([tutor_time_id], [tutor_id], [available_day], [available_time], [date_free], [booked]) VALUES (202, 20016, N'Wednesday', CAST(N'08:00:00' AS Time), CAST(N'2015-11-18 08:00:00.000' AS DateTime), 0)
INSERT [dbo].[TUTOR_AVAILABLE_TIMES] ([tutor_time_id], [tutor_id], [available_day], [available_time], [date_free], [booked]) VALUES (203, 20017, N'Wednesday', CAST(N'08:00:00' AS Time), CAST(N'2015-10-21 08:00:00.000' AS DateTime), 0)
INSERT [dbo].[TUTOR_AVAILABLE_TIMES] ([tutor_time_id], [tutor_id], [available_day], [available_time], [date_free], [booked]) VALUES (204, 20017, N'Wednesday', CAST(N'08:00:00' AS Time), CAST(N'2015-10-28 08:00:00.000' AS DateTime), 0)
INSERT [dbo].[TUTOR_AVAILABLE_TIMES] ([tutor_time_id], [tutor_id], [available_day], [available_time], [date_free], [booked]) VALUES (205, 20017, N'Wednesday', CAST(N'08:00:00' AS Time), CAST(N'2015-11-04 08:00:00.000' AS DateTime), 0)
INSERT [dbo].[TUTOR_AVAILABLE_TIMES] ([tutor_time_id], [tutor_id], [available_day], [available_time], [date_free], [booked]) VALUES (206, 20017, N'Wednesday', CAST(N'08:00:00' AS Time), CAST(N'2015-11-11 08:00:00.000' AS DateTime), 0)
INSERT [dbo].[TUTOR_AVAILABLE_TIMES] ([tutor_time_id], [tutor_id], [available_day], [available_time], [date_free], [booked]) VALUES (207, 20017, N'Wednesday', CAST(N'08:00:00' AS Time), CAST(N'2015-11-18 08:00:00.000' AS DateTime), 0)
INSERT [dbo].[TUTOR_AVAILABLE_TIMES] ([tutor_time_id], [tutor_id], [available_day], [available_time], [date_free], [booked]) VALUES (208, 20018, N'Tuesday', CAST(N'08:00:00' AS Time), CAST(N'2015-10-20 08:00:00.000' AS DateTime), 0)
INSERT [dbo].[TUTOR_AVAILABLE_TIMES] ([tutor_time_id], [tutor_id], [available_day], [available_time], [date_free], [booked]) VALUES (209, 20018, N'Tuesday', CAST(N'08:00:00' AS Time), CAST(N'2015-10-27 08:00:00.000' AS DateTime), 0)
INSERT [dbo].[TUTOR_AVAILABLE_TIMES] ([tutor_time_id], [tutor_id], [available_day], [available_time], [date_free], [booked]) VALUES (210, 20018, N'Tuesday', CAST(N'08:00:00' AS Time), CAST(N'2015-11-03 08:00:00.000' AS DateTime), 0)
INSERT [dbo].[TUTOR_AVAILABLE_TIMES] ([tutor_time_id], [tutor_id], [available_day], [available_time], [date_free], [booked]) VALUES (211, 20018, N'Tuesday', CAST(N'08:00:00' AS Time), CAST(N'2015-11-10 08:00:00.000' AS DateTime), 0)
INSERT [dbo].[TUTOR_AVAILABLE_TIMES] ([tutor_time_id], [tutor_id], [available_day], [available_time], [date_free], [booked]) VALUES (212, 20018, N'Tuesday', CAST(N'08:00:00' AS Time), CAST(N'2015-11-17 08:00:00.000' AS DateTime), 0)
INSERT [dbo].[TUTOR_AVAILABLE_TIMES] ([tutor_time_id], [tutor_id], [available_day], [available_time], [date_free], [booked]) VALUES (213, 20018, N'Tuesday', CAST(N'08:00:00' AS Time), CAST(N'2015-11-24 08:00:00.000' AS DateTime), 0)
INSERT [dbo].[TUTOR_AVAILABLE_TIMES] ([tutor_time_id], [tutor_id], [available_day], [available_time], [date_free], [booked]) VALUES (214, 20019, N'Tuesday', CAST(N'08:00:00' AS Time), CAST(N'2015-10-20 08:00:00.000' AS DateTime), 0)
INSERT [dbo].[TUTOR_AVAILABLE_TIMES] ([tutor_time_id], [tutor_id], [available_day], [available_time], [date_free], [booked]) VALUES (215, 20019, N'Tuesday', CAST(N'08:00:00' AS Time), CAST(N'2015-10-27 08:00:00.000' AS DateTime), 0)
INSERT [dbo].[TUTOR_AVAILABLE_TIMES] ([tutor_time_id], [tutor_id], [available_day], [available_time], [date_free], [booked]) VALUES (216, 20019, N'Tuesday', CAST(N'08:00:00' AS Time), CAST(N'2015-11-03 08:00:00.000' AS DateTime), 0)
INSERT [dbo].[TUTOR_AVAILABLE_TIMES] ([tutor_time_id], [tutor_id], [available_day], [available_time], [date_free], [booked]) VALUES (217, 20019, N'Tuesday', CAST(N'08:00:00' AS Time), CAST(N'2015-11-10 08:00:00.000' AS DateTime), 0)
INSERT [dbo].[TUTOR_AVAILABLE_TIMES] ([tutor_time_id], [tutor_id], [available_day], [available_time], [date_free], [booked]) VALUES (218, 20019, N'Tuesday', CAST(N'08:00:00' AS Time), CAST(N'2015-11-17 08:00:00.000' AS DateTime), 0)
INSERT [dbo].[TUTOR_AVAILABLE_TIMES] ([tutor_time_id], [tutor_id], [available_day], [available_time], [date_free], [booked]) VALUES (219, 20019, N'Tuesday', CAST(N'08:00:00' AS Time), CAST(N'2015-11-24 08:00:00.000' AS DateTime), 0)
INSERT [dbo].[TUTOR_AVAILABLE_TIMES] ([tutor_time_id], [tutor_id], [available_day], [available_time], [date_free], [booked]) VALUES (220, 20020, N'Tuesday', CAST(N'08:00:00' AS Time), CAST(N'2015-10-20 08:00:00.000' AS DateTime), 0)
INSERT [dbo].[TUTOR_AVAILABLE_TIMES] ([tutor_time_id], [tutor_id], [available_day], [available_time], [date_free], [booked]) VALUES (221, 20020, N'Tuesday', CAST(N'08:00:00' AS Time), CAST(N'2015-10-27 08:00:00.000' AS DateTime), 0)
INSERT [dbo].[TUTOR_AVAILABLE_TIMES] ([tutor_time_id], [tutor_id], [available_day], [available_time], [date_free], [booked]) VALUES (222, 20020, N'Tuesday', CAST(N'08:00:00' AS Time), CAST(N'2015-11-03 08:00:00.000' AS DateTime), 0)
INSERT [dbo].[TUTOR_AVAILABLE_TIMES] ([tutor_time_id], [tutor_id], [available_day], [available_time], [date_free], [booked]) VALUES (223, 20020, N'Tuesday', CAST(N'08:00:00' AS Time), CAST(N'2015-11-10 08:00:00.000' AS DateTime), 0)
INSERT [dbo].[TUTOR_AVAILABLE_TIMES] ([tutor_time_id], [tutor_id], [available_day], [available_time], [date_free], [booked]) VALUES (224, 20020, N'Tuesday', CAST(N'08:00:00' AS Time), CAST(N'2015-11-17 08:00:00.000' AS DateTime), 0)
INSERT [dbo].[TUTOR_AVAILABLE_TIMES] ([tutor_time_id], [tutor_id], [available_day], [available_time], [date_free], [booked]) VALUES (225, 20020, N'Tuesday', CAST(N'08:00:00' AS Time), CAST(N'2015-11-24 08:00:00.000' AS DateTime), 0)
SET IDENTITY_INSERT [dbo].[TUTOR_AVAILABLE_TIMES] OFF
SET IDENTITY_INSERT [dbo].[USER_ROLE] ON 

INSERT [dbo].[USER_ROLE] ([user_roles_id], [user_role]) VALUES (1, N'Administrator')
INSERT [dbo].[USER_ROLE] ([user_roles_id], [user_role]) VALUES (2, N'Coordinator')
INSERT [dbo].[USER_ROLE] ([user_roles_id], [user_role]) VALUES (3, N'Tutor')
INSERT [dbo].[USER_ROLE] ([user_roles_id], [user_role]) VALUES (4, N'Student')
SET IDENTITY_INSERT [dbo].[USER_ROLE] OFF
INSERT [dbo].[USERPROFILE] ([user_id], [user_name], [user_roles_id], [password_hash], [password_salt], [PrimaryAccent], [SecondaryAccent], [isDark], [resetPassword], [useOldForms]) VALUES (10003, N'Jill.Hill@sss.com', 4, N'h8yK+1k0AEz/z9uC54lmsAi2Qjwulcns8HkSXzVQQa9zmm1k2rJFr8LSKWeM7uw8L3Dp0KBcuH8sMgwL5c42ZA==', N'jWAtiPGQW1cOWkxOkdzft9NqA7WGHH+JrstkQTgTq5oISTNJJQGu+wnqkNG6nSgvdnbY7cmUNP5Izo0NMDLJRQ==', NULL, NULL, 0, 0, NULL)
INSERT [dbo].[USERPROFILE] ([user_id], [user_name], [user_roles_id], [password_hash], [password_salt], [PrimaryAccent], [SecondaryAccent], [isDark], [resetPassword], [useOldForms]) VALUES (10004, N'Nathan.De.Beer@sss.com', 4, N'h8yK+1k0AEz/z9uC54lmsAi2Qjwulcns8HkSXzVQQa9zmm1k2rJFr8LSKWeM7uw8L3Dp0KBcuH8sMgwL5c42ZA==', N'6r3kfq1Fnlk6GWqheBajmfNDt8ek0S0cybi9sdxvlksSnfIdGJSWSTEazflejXy0409yBAV3imugOHqmYLUoZA==', NULL, NULL, 0, 0, NULL)
INSERT [dbo].[USERPROFILE] ([user_id], [user_name], [user_roles_id], [password_hash], [password_salt], [PrimaryAccent], [SecondaryAccent], [isDark], [resetPassword], [useOldForms]) VALUES (10005, N'Anne.Hunt@sss.com', 4, NULL, NULL, NULL, NULL, 0, 1, NULL)
INSERT [dbo].[USERPROFILE] ([user_id], [user_name], [user_roles_id], [password_hash], [password_salt], [PrimaryAccent], [SecondaryAccent], [isDark], [resetPassword], [useOldForms]) VALUES (10007, N'Nadine.Steps@sss.com', 4, NULL, NULL, NULL, NULL, 0, 1, NULL)
INSERT [dbo].[USERPROFILE] ([user_id], [user_name], [user_roles_id], [password_hash], [password_salt], [PrimaryAccent], [SecondaryAccent], [isDark], [resetPassword], [useOldForms]) VALUES (10008, N'Dan.Patterson@sss.com', 4, NULL, NULL, NULL, NULL, 0, 1, NULL)
INSERT [dbo].[USERPROFILE] ([user_id], [user_name], [user_roles_id], [password_hash], [password_salt], [PrimaryAccent], [SecondaryAccent], [isDark], [resetPassword], [useOldForms]) VALUES (10009, N'Harry.Key@sss.com', 4, NULL, NULL, NULL, NULL, 0, 1, NULL)
INSERT [dbo].[USERPROFILE] ([user_id], [user_name], [user_roles_id], [password_hash], [password_salt], [PrimaryAccent], [SecondaryAccent], [isDark], [resetPassword], [useOldForms]) VALUES (10010, N'Hermione.Jilly@sss.com', 4, NULL, NULL, NULL, NULL, 0, 1, NULL)
INSERT [dbo].[USERPROFILE] ([user_id], [user_name], [user_roles_id], [password_hash], [password_salt], [PrimaryAccent], [SecondaryAccent], [isDark], [resetPassword], [useOldForms]) VALUES (10013, N'Savannah.Price@sss.com', 4, NULL, NULL, NULL, NULL, 0, 1, NULL)
INSERT [dbo].[USERPROFILE] ([user_id], [user_name], [user_roles_id], [password_hash], [password_salt], [PrimaryAccent], [SecondaryAccent], [isDark], [resetPassword], [useOldForms]) VALUES (10014, N'Prakesh.Naidoo@sss.com', 4, NULL, NULL, NULL, NULL, 0, 1, NULL)
INSERT [dbo].[USERPROFILE] ([user_id], [user_name], [user_roles_id], [password_hash], [password_salt], [PrimaryAccent], [SecondaryAccent], [isDark], [resetPassword], [useOldForms]) VALUES (10022, N'Dane.Smith@sss.com', 4, NULL, NULL, NULL, NULL, 0, 1, NULL)
INSERT [dbo].[USERPROFILE] ([user_id], [user_name], [user_roles_id], [password_hash], [password_salt], [PrimaryAccent], [SecondaryAccent], [isDark], [resetPassword], [useOldForms]) VALUES (10023, N'Shane.Potter@sss.com', 4, NULL, NULL, NULL, NULL, 0, 1, NULL)
INSERT [dbo].[USERPROFILE] ([user_id], [user_name], [user_roles_id], [password_hash], [password_salt], [PrimaryAccent], [SecondaryAccent], [isDark], [resetPassword], [useOldForms]) VALUES (10024, N'Amir.Cohen@sss.com', 4, NULL, NULL, NULL, NULL, 0, 1, NULL)
INSERT [dbo].[USERPROFILE] ([user_id], [user_name], [user_roles_id], [password_hash], [password_salt], [PrimaryAccent], [SecondaryAccent], [isDark], [resetPassword], [useOldForms]) VALUES (10026, N'Abe.Jameson@sss.com', 4, NULL, NULL, NULL, NULL, 0, 1, NULL)
INSERT [dbo].[USERPROFILE] ([user_id], [user_name], [user_roles_id], [password_hash], [password_salt], [PrimaryAccent], [SecondaryAccent], [isDark], [resetPassword], [useOldForms]) VALUES (10027, N'Gera.Feld@sss.com', 4, NULL, NULL, NULL, NULL, 0, 1, NULL)
INSERT [dbo].[USERPROFILE] ([user_id], [user_name], [user_roles_id], [password_hash], [password_salt], [PrimaryAccent], [SecondaryAccent], [isDark], [resetPassword], [useOldForms]) VALUES (10028, N'Uriel.Ruiz@sss.com', 4, NULL, NULL, NULL, NULL, 0, 1, NULL)
INSERT [dbo].[USERPROFILE] ([user_id], [user_name], [user_roles_id], [password_hash], [password_salt], [PrimaryAccent], [SecondaryAccent], [isDark], [resetPassword], [useOldForms]) VALUES (10029, N'Leon.Holmes@sss.com', 4, NULL, NULL, NULL, NULL, 0, 1, NULL)
INSERT [dbo].[USERPROFILE] ([user_id], [user_name], [user_roles_id], [password_hash], [password_salt], [PrimaryAccent], [SecondaryAccent], [isDark], [resetPassword], [useOldForms]) VALUES (10032, N'Andreas.Watson@sss.com', 4, NULL, NULL, NULL, NULL, 0, 1, NULL)
INSERT [dbo].[USERPROFILE] ([user_id], [user_name], [user_roles_id], [password_hash], [password_salt], [PrimaryAccent], [SecondaryAccent], [isDark], [resetPassword], [useOldForms]) VALUES (10033, N'Yair.Levin@sss.com', 4, NULL, NULL, NULL, NULL, 0, 1, NULL)
INSERT [dbo].[USERPROFILE] ([user_id], [user_name], [user_roles_id], [password_hash], [password_salt], [PrimaryAccent], [SecondaryAccent], [isDark], [resetPassword], [useOldForms]) VALUES (10034, N'Nevil.Anderson@sss.com', 4, NULL, NULL, NULL, NULL, 0, 1, NULL)
INSERT [dbo].[USERPROFILE] ([user_id], [user_name], [user_roles_id], [password_hash], [password_salt], [PrimaryAccent], [SecondaryAccent], [isDark], [resetPassword], [useOldForms]) VALUES (10035, N'Jonny.Cave@sss.com', 4, NULL, NULL, NULL, NULL, 0, 1, NULL)
INSERT [dbo].[USERPROFILE] ([user_id], [user_name], [user_roles_id], [password_hash], [password_salt], [PrimaryAccent], [SecondaryAccent], [isDark], [resetPassword], [useOldForms]) VALUES (10036, N'Blair.Kettle@sss.com', 4, NULL, NULL, NULL, NULL, 0, 1, NULL)
INSERT [dbo].[USERPROFILE] ([user_id], [user_name], [user_roles_id], [password_hash], [password_salt], [PrimaryAccent], [SecondaryAccent], [isDark], [resetPassword], [useOldForms]) VALUES (10037, N'danieljohnson@sss.com', 4, NULL, NULL, NULL, NULL, 0, 1, NULL)
INSERT [dbo].[USERPROFILE] ([user_id], [user_name], [user_roles_id], [password_hash], [password_salt], [PrimaryAccent], [SecondaryAccent], [isDark], [resetPassword], [useOldForms]) VALUES (10038, N'petejackson@sss.com', 4, NULL, NULL, NULL, NULL, 0, 1, NULL)
INSERT [dbo].[USERPROFILE] ([user_id], [user_name], [user_roles_id], [password_hash], [password_salt], [PrimaryAccent], [SecondaryAccent], [isDark], [resetPassword], [useOldForms]) VALUES (10039, N'DaisyBlue@sss.com', 4, NULL, NULL, NULL, NULL, 0, 1, NULL)
INSERT [dbo].[USERPROFILE] ([user_id], [user_name], [user_roles_id], [password_hash], [password_salt], [PrimaryAccent], [SecondaryAccent], [isDark], [resetPassword], [useOldForms]) VALUES (20001, N'Susan.Kotzen@sss.com', 3, N'h8yK+1k0AEz/z9uC54lmsAi2Qjwulcns8HkSXzVQQa9zmm1k2rJFr8LSKWeM7uw8L3Dp0KBcuH8sMgwL5c42ZA==', N'O3DVAbycFEnUgfxav1KJuD0srqy/QPt0I1lMDNXqJqPQqTQTv9kx9QM51g8gve7exAjY8i0r8dSEAplxb4jjdw==', NULL, NULL, 0, 0, NULL)
INSERT [dbo].[USERPROFILE] ([user_id], [user_name], [user_roles_id], [password_hash], [password_salt], [PrimaryAccent], [SecondaryAccent], [isDark], [resetPassword], [useOldForms]) VALUES (20002, N'Nathan.De Beer@sss.com', 3, NULL, NULL, NULL, NULL, 0, 1, NULL)
INSERT [dbo].[USERPROFILE] ([user_id], [user_name], [user_roles_id], [password_hash], [password_salt], [PrimaryAccent], [SecondaryAccent], [isDark], [resetPassword], [useOldForms]) VALUES (20003, N'Anne.Junt@sss.com', 3, NULL, NULL, NULL, NULL, 0, 1, NULL)
INSERT [dbo].[USERPROFILE] ([user_id], [user_name], [user_roles_id], [password_hash], [password_salt], [PrimaryAccent], [SecondaryAccent], [isDark], [resetPassword], [useOldForms]) VALUES (20004, N'Nadine.Steps@sss.com', 3, NULL, NULL, NULL, NULL, 0, 1, NULL)
INSERT [dbo].[USERPROFILE] ([user_id], [user_name], [user_roles_id], [password_hash], [password_salt], [PrimaryAccent], [SecondaryAccent], [isDark], [resetPassword], [useOldForms]) VALUES (20005, N'Dan.Patterson@sss.com', 3, NULL, NULL, NULL, NULL, 0, 1, NULL)
INSERT [dbo].[USERPROFILE] ([user_id], [user_name], [user_roles_id], [password_hash], [password_salt], [PrimaryAccent], [SecondaryAccent], [isDark], [resetPassword], [useOldForms]) VALUES (20006, N'Harry.Key@sss.com', 3, NULL, NULL, NULL, NULL, 0, 1, NULL)
INSERT [dbo].[USERPROFILE] ([user_id], [user_name], [user_roles_id], [password_hash], [password_salt], [PrimaryAccent], [SecondaryAccent], [isDark], [resetPassword], [useOldForms]) VALUES (20007, N'Hermione.Jilly@sss.com', 3, NULL, NULL, NULL, NULL, 0, 1, NULL)
INSERT [dbo].[USERPROFILE] ([user_id], [user_name], [user_roles_id], [password_hash], [password_salt], [PrimaryAccent], [SecondaryAccent], [isDark], [resetPassword], [useOldForms]) VALUES (20008, N'Savannah.Price@sss.com', 3, NULL, NULL, NULL, NULL, 0, 1, NULL)
INSERT [dbo].[USERPROFILE] ([user_id], [user_name], [user_roles_id], [password_hash], [password_salt], [PrimaryAccent], [SecondaryAccent], [isDark], [resetPassword], [useOldForms]) VALUES (20009, N'Prakesh.Naidoo@sss.com', 3, NULL, NULL, NULL, NULL, 0, 1, NULL)
INSERT [dbo].[USERPROFILE] ([user_id], [user_name], [user_roles_id], [password_hash], [password_salt], [PrimaryAccent], [SecondaryAccent], [isDark], [resetPassword], [useOldForms]) VALUES (20010, N'Darryn.Spouse@sss.com', 3, NULL, NULL, NULL, NULL, 0, 1, NULL)
INSERT [dbo].[USERPROFILE] ([user_id], [user_name], [user_roles_id], [password_hash], [password_salt], [PrimaryAccent], [SecondaryAccent], [isDark], [resetPassword], [useOldForms]) VALUES (20011, N'Catherine.Jennings@sss.com', 3, NULL, NULL, NULL, NULL, 0, 1, NULL)
INSERT [dbo].[USERPROFILE] ([user_id], [user_name], [user_roles_id], [password_hash], [password_salt], [PrimaryAccent], [SecondaryAccent], [isDark], [resetPassword], [useOldForms]) VALUES (20012, N'James.Door@sss.com', 3, NULL, NULL, NULL, NULL, 0, 1, NULL)
INSERT [dbo].[USERPROFILE] ([user_id], [user_name], [user_roles_id], [password_hash], [password_salt], [PrimaryAccent], [SecondaryAccent], [isDark], [resetPassword], [useOldForms]) VALUES (20013, N'Keith.Gate@sss.com', 3, NULL, NULL, NULL, NULL, 0, 1, NULL)
INSERT [dbo].[USERPROFILE] ([user_id], [user_name], [user_roles_id], [password_hash], [password_salt], [PrimaryAccent], [SecondaryAccent], [isDark], [resetPassword], [useOldForms]) VALUES (20014, N'Tom.Van De Merwe@sss.com', 3, NULL, NULL, NULL, NULL, 0, 1, NULL)
INSERT [dbo].[USERPROFILE] ([user_id], [user_name], [user_roles_id], [password_hash], [password_salt], [PrimaryAccent], [SecondaryAccent], [isDark], [resetPassword], [useOldForms]) VALUES (20015, N'Jack.Black@sss.com', 3, NULL, NULL, NULL, NULL, 0, 1, NULL)
INSERT [dbo].[USERPROFILE] ([user_id], [user_name], [user_roles_id], [password_hash], [password_salt], [PrimaryAccent], [SecondaryAccent], [isDark], [resetPassword], [useOldForms]) VALUES (20016, N'Tato.Muda@sss.com', 3, NULL, NULL, NULL, NULL, 0, 1, NULL)
INSERT [dbo].[USERPROFILE] ([user_id], [user_name], [user_roles_id], [password_hash], [password_salt], [PrimaryAccent], [SecondaryAccent], [isDark], [resetPassword], [useOldForms]) VALUES (20017, N'Sarah.Jackson@sss.com', 3, NULL, NULL, NULL, NULL, 0, 1, NULL)
INSERT [dbo].[USERPROFILE] ([user_id], [user_name], [user_roles_id], [password_hash], [password_salt], [PrimaryAccent], [SecondaryAccent], [isDark], [resetPassword], [useOldForms]) VALUES (20018, N'Jones.Johnson@sss.com', 3, NULL, NULL, NULL, NULL, 0, 1, NULL)
INSERT [dbo].[USERPROFILE] ([user_id], [user_name], [user_roles_id], [password_hash], [password_salt], [PrimaryAccent], [SecondaryAccent], [isDark], [resetPassword], [useOldForms]) VALUES (20019, N'Susan.Stuart@sss.com', 3, NULL, NULL, NULL, NULL, 0, 1, NULL)
INSERT [dbo].[USERPROFILE] ([user_id], [user_name], [user_roles_id], [password_hash], [password_salt], [PrimaryAccent], [SecondaryAccent], [isDark], [resetPassword], [useOldForms]) VALUES (20020, N'Zoe.Caplin@sss.com ', 3, NULL, NULL, NULL, NULL, 0, 1, NULL)
INSERT [dbo].[USERPROFILE] ([user_id], [user_name], [user_roles_id], [password_hash], [password_salt], [PrimaryAccent], [SecondaryAccent], [isDark], [resetPassword], [useOldForms]) VALUES (69857, N'Sam.Gap@sss.com', 2, NULL, NULL, NULL, NULL, 0, 1, NULL)
INSERT [dbo].[USERPROFILE] ([user_id], [user_name], [user_roles_id], [password_hash], [password_salt], [PrimaryAccent], [SecondaryAccent], [isDark], [resetPassword], [useOldForms]) VALUES (76582, N'Charles.Peters@sss.com', 2, N'h8yK+1k0AEz/z9uC54lmsAi2Qjwulcns8HkSXzVQQa9zmm1k2rJFr8LSKWeM7uw8L3Dp0KBcuH8sMgwL5c42ZA==', N'iUEf19fwb3GDB5noX00XsrdknBSY+TeZz4jomkaURCsDoPxtsctgocGlK5Y9TAdn1fX4q+Da7pZIHoIB0xFaOw==', NULL, NULL, 0, 0, NULL)
INSERT [dbo].[USERPROFILE] ([user_id], [user_name], [user_roles_id], [password_hash], [password_salt], [PrimaryAccent], [SecondaryAccent], [isDark], [resetPassword], [useOldForms]) VALUES (76589, N'Zuko.Singhdee@sss.com', 2, NULL, NULL, NULL, NULL, 0, 1, NULL)
ALTER TABLE [dbo].[ATTENDANCE]  WITH CHECK ADD FOREIGN KEY([student_id])
REFERENCES [dbo].[STUDENT] ([student_id])
GO
ALTER TABLE [dbo].[ATTENDANCE]  WITH CHECK ADD FOREIGN KEY([student_activity_id])
REFERENCES [dbo].[STUDENT_ACTIVITY] ([student_activity_id])
GO
ALTER TABLE [dbo].[CONSULTATION]  WITH CHECK ADD FOREIGN KEY([coordinator_id])
REFERENCES [dbo].[SSS_COORDINATOR] ([coordinator_id])
GO
ALTER TABLE [dbo].[CONSULTATION]  WITH CHECK ADD FOREIGN KEY([student_id])
REFERENCES [dbo].[STUDENT] ([student_id])
GO
ALTER TABLE [dbo].[CONSULTATION]  WITH CHECK ADD FOREIGN KEY([tutor_id])
REFERENCES [dbo].[TUTOR] ([tutor_id])
GO
ALTER TABLE [dbo].[ENROLLMENT]  WITH CHECK ADD FOREIGN KEY([course_id])
REFERENCES [dbo].[COURSE] ([course_id])
GO
ALTER TABLE [dbo].[ENROLLMENT]  WITH CHECK ADD FOREIGN KEY([student_id])
REFERENCES [dbo].[STUDENT] ([student_id])
GO
ALTER TABLE [dbo].[SESSION]  WITH CHECK ADD FOREIGN KEY([group_id])
REFERENCES [dbo].[GROUP] ([group_id])
GO
ALTER TABLE [dbo].[SESSION]  WITH CHECK ADD FOREIGN KEY([tutor_id])
REFERENCES [dbo].[TUTOR] ([tutor_id])
GO
ALTER TABLE [dbo].[STUDENT]  WITH CHECK ADD FOREIGN KEY([coordinator_id])
REFERENCES [dbo].[SSS_COORDINATOR] ([coordinator_id])
GO
ALTER TABLE [dbo].[STUDENT]  WITH CHECK ADD FOREIGN KEY([group_id])
REFERENCES [dbo].[GROUP] ([group_id])
GO
ALTER TABLE [dbo].[TUTOR_AVAILABLE_TIMES]  WITH CHECK ADD FOREIGN KEY([tutor_id])
REFERENCES [dbo].[TUTOR] ([tutor_id])
GO
ALTER TABLE [dbo].[USERPROFILE]  WITH CHECK ADD FOREIGN KEY([user_roles_id])
REFERENCES [dbo].[USER_ROLE] ([user_roles_id])
GO
USE [master]
GO
ALTER DATABASE [IS2G10_DBSSS] SET  READ_WRITE 
GO
